Student ID,1,2,3,4,5,6,7,8,9,10,11,12,13,14,15,16,17,18,19,20,21,22,23,24,25,26,27,28,29,30,COURSE ID,GRADE
340,2,2,3,3,1,2,2,1,1,1,1,2,3,1,2,5,3,2,2,1,1,1,1,1,3,2,1,2,1,1,1,1
253,2,2,3,3,1,2,2,1,1,1,2,3,2,1,2,1,2,2,2,1,1,1,1,1,3,2,3,2,2,3,1,1
680,2,2,2,3,2,2,2,2,4,2,2,2,2,1,2,1,2,1,2,1,1,1,1,1,2,2,1,1,2,2,1,1
806,1,1,1,3,1,2,1,2,1,2,1,2,5,1,2,1,3,1,2,1,1,1,1,2,3,2,2,1,3,2,1,1
632,2,2,1,3,2,2,1,3,1,4,3,3,2,1,2,4,2,1,1,1,1,1,2,1,2,2,2,1,2,2,1,1
832,2,2,2,3,2,2,2,2,1,1,3,3,2,1,2,3,1,1,2,1,1,1,1,1,1,2,1,2,4,4,1,2
772,1,2,2,4,2,2,2,1,1,3,1,3,1,1,2,4,2,2,2,2,1,2,1,1,3,3,3,3,4,4,1,5
961,1,1,2,3,1,1,1,2,2,3,4,3,1,1,4,3,1,2,2,1,1,1,3,1,3,2,2,1,1,1,1,2
814,2,1,3,3,2,1,1,1,1,3,2,4,2,1,2,4,1,2,2,1,1,1,1,1,3,2,2,2,4,3,1,5
863,2,1,2,3,2,2,1,3,4,2,1,2,3,1,2,3,2,2,2,1,1,2,1,1,2,2,2,2,1,2,1,0
576,1,1,1,3,2,2,2,3,2,3,3,4,2,1,3,2,1,1,1,1,1,2,1,1,2,2,2,2,1,1,1,2
702,1,1,1,4,1,1,2,4,2,3,5,5,1,1,3,2,3,3,3,1,3,1,3,2,3,1,3,3,4,3,1,0
541,1,1,1,4,2,2,2,1,1,1,3,5,4,2,2,2,3,2,2,1,1,1,1,1,2,2,2,3,4,2,1,0
552,2,1,2,5,2,2,2,1,1,1,2,2,2,1,2,3,1,2,1,1,1,2,1,1,3,2,3,3,4,2,1,1
510,3,2,2,4,1,1,2,3,4,2,3,1,2,1,4,1,2,2,2,1,1,1,1,1,2,3,2,1,4,4,1,2
159,2,2,2,3,2,2,2,1,1,2,4,4,2,1,3,1,2,2,2,2,3,2,1,1,3,2,2,3,2,2,1,2
223,1,1,2,5,2,1,2,1,1,1,2,2,4,1,2,3,2,2,2,1,1,2,1,1,3,2,3,3,4,3,1,1
807,2,2,2,3,2,2,2,1,1,1,2,2,2,1,2,1,2,2,2,2,1,2,1,1,2,2,2,2,2,2,1,2
525,1,1,2,4,2,2,2,3,1,1,2,2,5,1,2,5,5,3,2,2,1,2,1,1,3,1,3,3,3,3,1,2
799,1,2,1,3,2,2,1,2,2,2,3,3,3,1,2,4,4,2,2,1,2,1,1,1,3,2,2,3,2,3,1,3
24,1,2,2,5,1,2,1,1,4,2,3,3,3,2,2,3,4,2,2,2,1,1,1,2,3,1,2,3,4,4,1,1
509,1,2,2,5,2,2,1,1,4,2,2,2,4,1,2,3,3,2,2,1,1,1,1,1,3,1,3,3,3,3,1,1
797,2,2,2,3,1,2,1,1,1,1,1,1,4,2,2,4,3,3,3,1,1,1,1,2,3,1,2,3,3,3,1,3
418,3,2,2,2,1,1,2,5,1,1,1,4,3,1,2,1,3,2,3,1,1,2,1,1,3,2,3,3,3,3,1,1
48,2,2,2,3,2,2,2,2,1,1,3,1,3,1,2,4,1,2,2,1,1,1,1,1,2,1,3,2,4,4,1,2
657,2,2,2,3,2,2,1,1,1,2,1,4,3,1,2,4,2,2,2,1,1,1,1,1,2,1,3,2,1,2,1,3
864,2,2,2,3,2,1,1,1,1,1,4,4,4,1,2,4,2,3,2,1,1,1,1,1,3,3,3,2,2,1,1,1
861,1,2,1,3,1,2,2,1,1,1,1,1,4,1,2,3,3,2,2,1,1,2,1,1,3,1,2,1,2,1,1,1
118,3,2,2,3,2,2,1,1,4,2,2,2,4,1,2,1,2,2,2,1,1,1,1,1,3,2,3,3,5,4,1,3
387,2,2,3,4,2,2,2,1,4,2,3,3,2,1,4,1,2,2,2,1,1,1,1,1,3,2,2,2,4,3,1,5
282,2,2,2,5,1,1,1,1,1,2,1,1,5,1,2,4,2,2,2,1,1,1,2,1,2,3,3,3,5,4,1,5
503,3,2,2,3,1,2,2,1,1,2,1,2,4,1,2,3,2,2,3,1,1,1,1,1,3,3,2,3,4,3,1,3
934,2,1,2,3,2,2,2,2,1,1,2,2,2,1,2,1,2,2,2,1,1,2,1,1,2,2,2,1,2,3,1,1
781,2,1,2,3,1,2,1,1,1,1,1,2,5,1,2,3,2,1,2,1,1,1,1,1,1,3,2,2,2,3,1,2
898,1,2,1,3,2,2,1,2,1,1,3,3,3,1,2,4,2,1,1,1,1,2,1,1,2,2,3,1,4,1,1,2
474,1,2,1,4,2,2,2,3,1,1,1,2,5,1,2,3,2,2,2,1,1,2,1,1,2,1,3,1,1,1,1,1
704,2,2,3,4,1,2,1,3,1,1,1,1,2,2,4,3,1,1,3,1,1,2,2,1,2,1,2,1,4,3,1,2
977,2,2,2,3,1,1,1,2,2,3,3,3,1,1,2,3,2,2,2,1,1,1,1,1,3,2,3,3,5,4,1,1
454,2,2,2,5,2,2,2,1,1,1,3,3,1,1,2,4,3,2,2,1,1,1,2,1,2,2,2,2,4,3,1,2
295,2,1,2,3,2,2,1,1,1,2,1,3,1,1,2,4,1,2,1,1,1,1,1,1,2,2,2,3,2,1,1,1
35,1,2,1,3,2,2,2,2,1,1,2,3,1,1,2,5,1,2,2,1,1,1,1,1,3,1,2,1,2,3,1,1
304,3,2,2,3,1,2,2,2,1,2,1,4,2,1,2,2,3,2,2,1,1,2,1,1,3,2,2,3,4,3,1,1
56,2,2,2,3,2,1,2,1,4,2,4,4,2,1,3,1,2,2,1,1,1,1,1,1,2,1,3,1,2,3,1,1
922,1,2,2,3,2,2,1,1,1,1,2,3,3,1,2,1,2,2,2,1,1,2,1,1,3,1,3,3,3,2,1,4
569,2,2,3,3,2,2,1,1,1,1,1,3,2,1,2,5,2,2,2,1,1,1,2,1,3,2,2,1,4,3,1,1
186,1,2,2,3,2,2,1,4,1,1,2,3,5,1,2,4,3,2,2,1,1,1,1,1,2,2,2,1,4,3,1,3
258,2,2,2,3,2,2,1,1,1,1,1,2,3,1,2,5,2,2,2,1,1,1,1,1,2,2,3,1,4,2,1,5
560,2,2,2,3,2,2,1,1,1,2,4,3,1,1,5,4,2,2,2,1,1,2,1,1,2,1,3,2,5,3,1,3
621,1,2,2,3,2,1,1,1,1,2,3,3,3,1,2,2,1,1,2,1,1,1,1,1,3,2,3,2,2,2,1,1
568,1,2,1,4,2,2,2,2,4,1,2,3,2,1,2,4,2,2,2,1,1,1,2,1,2,2,2,1,3,2,1,2
393,2,2,2,3,2,2,1,2,2,1,1,1,2,1,2,3,2,2,2,1,1,2,1,1,2,2,2,3,3,3,1,1
12,2,1,3,3,1,1,2,1,1,1,1,2,5,1,2,1,1,2,2,1,1,2,1,1,2,3,3,1,3,3,1,4
798,2,1,2,3,1,2,2,2,1,1,1,3,4,1,2,1,3,1,1,1,1,1,1,2,2,2,2,1,4,2,1,1
740,2,1,2,3,2,1,2,2,1,1,1,1,5,1,2,1,1,2,2,1,1,2,1,1,2,2,2,2,3,2,1,5
184,2,2,2,3,2,2,2,3,4,2,1,4,2,1,4,2,2,1,1,1,1,1,1,2,3,1,3,1,5,3,1,3
410,3,2,2,3,1,2,1,4,1,2,1,1,5,3,2,1,1,2,2,1,1,1,3,3,1,3,3,3,5,4,1,3
480,2,2,2,3,2,1,2,1,1,1,1,3,5,1,2,4,4,2,3,1,1,1,1,2,3,2,3,3,5,4,1,5
84,2,2,2,3,1,1,2,1,1,1,4,2,3,1,3,3,2,3,2,1,1,1,1,1,3,2,3,1,5,4,1,4
89,3,2,2,3,2,2,1,3,1,1,1,3,5,2,2,1,3,2,2,1,1,1,1,1,3,2,2,2,5,4,1,3
763,2,2,2,3,2,1,1,1,1,1,4,4,3,1,2,3,3,2,2,1,1,1,1,1,3,3,2,2,4,3,1,5
86,2,1,2,3,2,2,2,5,2,1,6,1,3,1,2,3,1,2,2,1,1,1,1,1,1,3,3,1,2,1,1,2
867,1,2,3,3,2,1,2,2,1,2,1,3,4,1,2,3,3,1,2,1,3,2,1,1,3,2,2,2,4,4,1,5
248,2,2,2,3,2,2,2,1,4,2,2,3,2,1,2,4,3,2,2,1,1,1,1,1,2,3,3,2,5,4,1,3
751,2,2,2,4,2,2,1,2,1,1,1,3,3,1,2,1,1,1,2,1,1,1,3,1,2,2,2,1,3,3,1,5
522,2,2,3,5,2,2,2,1,1,1,2,2,2,1,2,1,1,2,2,1,3,1,2,1,3,2,3,1,4,3,1,3
696,1,2,2,3,2,2,1,3,1,1,2,4,3,1,2,4,1,1,2,1,3,2,2,1,2,1,2,1,2,2,1,2
274,2,2,2,3,2,2,1,1,1,1,3,2,5,1,2,5,2,2,2,1,1,1,1,1,3,2,2,3,5,4,2,5
921,2,2,3,3,1,1,2,3,1,2,3,4,4,2,2,2,2,2,2,1,1,2,1,1,2,2,1,2,2,3,2,1
957,2,1,2,4,1,2,2,1,1,1,2,3,5,3,2,5,1,2,2,1,1,2,1,1,2,2,3,2,4,3,3,5
88,2,1,2,4,2,2,1,1,1,1,2,2,2,1,2,3,1,1,2,1,1,1,2,1,3,2,3,1,3,2,3,5
149,1,2,2,4,2,1,1,1,1,1,4,3,1,2,4,2,2,2,2,1,1,1,1,1,2,2,3,1,5,4,3,7
737,1,1,3,4,2,2,2,1,1,3,1,3,5,1,2,4,2,2,1,1,1,1,1,1,2,3,3,3,2,2,3,6
891,1,2,2,3,2,1,1,1,1,2,1,1,2,1,2,3,2,3,3,1,1,1,1,1,2,2,3,2,3,3,3,6
1,2,2,2,4,2,2,2,1,1,2,1,3,4,1,2,4,3,1,1,2,1,1,1,2,3,2,3,1,5,3,3,6
868,1,2,2,4,2,2,2,1,1,1,2,2,3,1,2,1,2,2,2,2,1,1,2,1,3,2,3,2,3,3,3,7
895,1,2,2,4,2,1,2,1,1,3,1,5,4,1,2,2,3,3,1,1,1,1,1,1,2,2,2,2,4,1,3,7
638,2,2,1,2,2,1,2,2,1,1,5,4,3,1,4,3,2,3,2,1,1,1,3,2,2,1,2,3,2,2,4,4
707,1,2,1,2,2,2,1,2,2,2,6,5,2,1,4,2,2,2,2,2,1,2,3,1,2,2,2,2,1,1,4,7
432,2,1,2,4,1,1,2,1,1,1,1,3,4,1,2,4,2,3,3,1,1,2,1,1,3,3,2,2,2,2,4,4
988,2,2,2,4,2,2,2,1,1,1,1,3,4,1,2,4,1,2,2,1,3,1,1,1,3,3,3,2,4,4,4,3
742,2,1,2,3,1,2,1,1,2,1,1,1,2,1,2,3,1,1,1,1,3,1,1,1,2,3,1,2,4,2,5,4
730,3,2,2,3,1,2,2,1,1,2,1,2,4,1,2,3,2,2,2,1,1,1,1,1,3,3,2,3,5,4,5,3
321,2,2,2,4,1,2,1,2,1,1,3,1,3,1,2,3,2,2,3,1,1,1,1,1,3,3,2,3,4,3,5,7
904,2,2,3,3,2,2,2,3,1,1,4,4,2,1,1,2,1,2,2,1,1,1,3,1,3,2,3,3,1,2,5,7
171,3,2,3,3,1,2,1,3,1,2,4,2,5,3,2,1,1,2,2,1,1,1,3,3,3,3,3,3,5,4,5,7
695,1,2,2,5,2,2,2,2,1,1,1,1,5,1,2,1,1,1,1,1,1,1,1,1,3,2,3,3,4,3,5,4
498,2,2,2,4,2,2,2,1,4,2,3,3,2,1,4,1,2,2,2,1,1,1,1,1,3,2,3,2,5,4,5,5
446,2,2,2,3,2,1,2,2,1,1,3,4,2,1,1,1,2,2,2,1,1,1,2,1,2,2,2,2,1,1,6,6
982,1,2,2,4,2,1,1,1,1,1,4,4,1,1,3,2,2,2,2,1,1,1,1,2,3,1,2,3,5,3,6,6
981,2,2,2,3,2,2,2,1,1,1,3,5,3,1,2,2,2,2,2,1,1,2,1,1,3,1,3,3,3,2,6,6
849,2,1,2,3,2,1,1,1,2,3,3,3,1,1,4,2,2,2,2,1,1,1,1,1,2,3,2,3,4,2,6,6
297,2,2,2,5,1,1,1,1,1,2,4,1,5,1,2,3,2,2,2,1,1,1,1,1,2,3,3,2,5,4,6,6
713,1,2,2,3,2,2,2,1,1,1,3,4,4,1,3,2,3,2,2,1,1,1,1,1,3,2,3,3,2,2,6,7
192,1,2,2,1,1,2,1,1,1,2,1,2,4,1,2,3,5,2,1,1,1,1,1,1,3,3,3,2,2,2,6,4
561,2,2,2,3,2,2,1,1,1,1,3,2,5,1,2,5,2,2,3,1,1,1,1,1,3,2,2,3,5,4,6,6
364,1,2,3,5,1,1,1,1,2,3,3,4,1,1,2,1,2,2,3,1,1,1,1,1,3,2,2,1,4,3,7,5
40,1,2,2,4,2,1,1,1,2,3,2,2,3,1,4,2,2,3,2,1,1,1,1,1,3,2,3,2,2,3,7,7
521,1,2,2,4,1,2,2,1,1,3,3,3,4,1,2,3,2,2,2,1,1,1,1,1,3,2,2,1,3,3,7,6
201,1,2,2,4,2,1,2,1,4,2,2,4,2,1,2,5,2,3,2,1,1,1,1,1,3,1,2,1,4,4,7,7
780,2,2,2,3,2,2,2,1,4,2,3,4,2,1,2,1,3,2,2,1,1,1,1,1,3,2,3,2,2,2,7,7
853,1,2,2,4,2,2,2,1,2,3,4,1,2,1,3,3,2,2,2,1,1,1,1,1,2,2,2,1,3,3,7,6
202,1,2,2,4,2,2,1,2,1,3,2,3,1,1,2,4,2,2,2,1,1,1,1,1,3,3,2,1,2,3,7,7
421,1,2,2,3,2,2,1,1,1,2,3,1,1,2,4,4,2,2,2,2,1,1,1,1,3,1,2,1,3,4,7,7
671,1,2,1,4,2,2,1,5,1,2,1,3,4,1,2,1,2,3,2,1,1,1,1,1,2,2,3,2,4,4,7,7
334,1,1,2,3,2,2,2,1,2,2,4,4,1,1,3,2,2,2,2,1,1,1,1,1,2,3,2,2,1,1,7,3
843,1,2,2,4,1,1,2,1,1,1,2,2,4,1,2,4,2,3,2,1,1,2,1,2,2,1,3,1,3,3,7,7
57,1,2,2,4,2,1,2,1,1,2,2,2,1,1,2,1,3,2,2,1,1,1,3,2,2,2,2,1,4,4,7,7
353,1,1,2,4,1,1,2,1,1,3,1,3,5,1,2,4,2,2,2,1,1,1,2,1,2,3,2,1,4,2,7,6
681,2,1,1,5,2,1,2,2,2,1,1,2,1,3,1,5,3,3,2,1,1,2,1,1,2,3,1,2,3,3,7,6
394,1,2,1,3,2,1,1,1,2,2,4,4,2,3,2,5,3,2,2,1,1,1,2,2,3,2,3,1,4,4,7,7
188,2,2,2,3,2,2,2,2,4,2,4,4,2,2,1,5,2,2,2,1,1,2,1,1,2,2,2,1,2,3,8,2
641,1,1,1,5,2,1,2,1,1,2,3,3,1,1,3,2,1,2,2,2,2,1,1,1,3,1,3,3,4,3,8,2
544,2,1,3,3,1,2,2,1,3,3,1,1,2,1,2,1,1,1,1,2,3,1,2,1,3,3,3,1,4,2,8,2
163,2,1,3,3,2,2,2,1,4,2,4,4,1,1,3,2,2,2,3,2,3,2,2,1,2,2,1,1,1,2,8,1
283,2,1,2,5,1,1,2,4,1,1,1,1,1,1,2,1,2,2,2,2,2,1,1,1,2,2,1,2,1,1,8,2
820,2,1,2,5,1,2,1,1,1,1,1,1,2,1,2,2,3,3,2,2,3,1,2,2,3,2,3,2,2,2,8,1
254,2,1,2,5,2,2,2,1,1,1,1,1,5,1,2,4,3,3,3,2,1,1,1,1,3,3,3,1,2,3,8,1
221,3,1,1,3,2,1,2,1,1,2,4,4,1,1,1,3,2,2,3,2,1,2,1,1,2,3,2,1,2,3,8,1
736,1,2,2,5,2,1,1,1,4,2,1,2,3,1,4,4,1,2,2,1,1,1,3,1,3,3,2,2,3,3,8,1
280,2,1,2,4,2,1,2,1,1,2,3,3,2,3,2,5,5,2,2,1,1,1,1,2,2,2,3,1,3,3,8,2
976,2,1,1,3,1,1,1,2,2,3,3,3,2,1,3,4,1,1,1,1,1,2,2,1,3,3,3,2,2,2,8,1
481,2,1,2,3,1,1,1,1,2,1,1,1,5,3,2,4,5,3,3,1,3,1,2,1,1,1,1,1,1,1,8,0
80,1,2,2,5,2,1,2,1,1,1,3,3,2,1,2,1,2,1,2,1,2,1,2,1,3,2,2,1,4,3,8,2
473,2,1,3,3,2,2,2,3,1,1,3,2,4,1,1,1,2,2,3,2,1,1,1,1,3,3,2,1,1,1,8,1
762,1,1,2,4,1,1,1,1,1,3,2,3,2,1,4,3,4,2,2,2,1,1,2,2,3,3,2,1,3,3,9,3
385,1,1,2,5,1,1,2,1,1,3,1,1,5,1,2,3,3,2,3,2,1,1,1,2,3,2,3,1,1,3,9,2
195,1,1,1,4,1,1,1,3,2,3,4,6,2,1,4,3,4,2,3,1,1,1,2,1,3,3,3,1,2,2,9,3
144,1,1,2,4,2,2,2,1,4,3,3,2,2,1,3,4,2,1,1,2,1,1,1,1,3,2,2,1,2,2,9,1
767,1,1,2,4,2,1,1,1,4,3,3,4,2,1,4,2,2,1,1,2,1,1,1,1,3,2,2,1,2,2,9,0
300,1,1,2,3,1,1,2,1,1,1,1,1,3,1,2,4,4,2,3,2,1,1,2,2,3,2,3,2,2,3,9,3
580,1,1,2,3,1,1,2,1,1,1,1,2,3,1,2,4,4,2,2,2,1,1,1,2,3,1,3,2,2,3,9,1
216,1,1,1,5,2,1,2,1,2,2,4,3,1,1,3,2,4,1,3,2,1,1,1,2,3,2,3,1,5,3,9,4
583,1,1,1,5,2,1,2,1,1,2,1,2,3,1,2,1,2,2,3,2,1,1,2,1,3,2,3,1,5,4,9,3
881,1,1,2,5,2,2,1,1,1,1,1,1,1,1,2,3,3,1,2,2,1,1,1,1,3,3,3,2,5,3,9,3
488,1,1,2,4,2,1,2,1,2,3,1,1,2,1,4,3,2,2,2,2,1,1,1,1,2,1,2,1,2,3,9,1
892,2,1,2,3,1,1,2,1,4,2,3,3,1,1,2,1,2,3,2,1,3,1,1,1,3,3,2,1,3,2,9,2
152,1,1,2,3,1,1,1,1,2,3,3,3,3,1,3,4,2,2,2,2,1,1,3,1,3,2,2,1,2,2,9,0
925,1,1,1,5,2,1,2,1,1,1,2,2,2,1,2,1,2,2,2,1,1,1,1,1,3,1,3,1,2,4,9,2
729,1,1,2,4,1,1,1,5,2,3,3,1,1,2,4,5,2,2,3,2,3,1,2,1,3,2,3,1,1,3,9,0
647,1,1,2,4,1,2,1,2,2,3,3,3,1,1,5,4,1,1,2,2,1,2,2,1,2,3,2,1,1,2,9,0
686,2,1,2,3,1,1,2,1,1,2,1,2,2,2,2,4,3,3,2,1,1,1,1,1,2,1,2,1,3,3,9,5
93,1,1,2,4,2,2,2,1,4,2,1,1,5,1,2,1,3,2,2,2,1,2,1,1,3,2,2,1,5,3,9,5
485,1,1,1,4,2,2,2,1,1,1,3,4,4,1,2,4,2,2,2,1,1,1,1,1,3,3,2,1,4,3,9,1
59,2,1,2,4,1,1,1,5,2,3,4,4,1,1,3,3,2,2,1,1,1,1,2,1,2,1,2,1,5,3,9,4
907,1,1,1,5,2,2,2,3,1,1,3,1,5,1,2,4,3,1,1,1,1,1,2,1,3,2,3,1,5,4,9,3
158,2,2,3,3,1,2,2,1,1,1,1,2,3,1,2,5,3,2,2,1,1,1,1,1,3,2,1,2,1,1,1,1
955,2,2,3,3,1,2,2,1,1,1,2,3,2,1,2,1,2,2,2,1,1,1,1,1,3,2,3,2,2,3,1,1
758,2,2,2,3,2,2,2,2,4,2,2,2,2,1,2,1,2,1,2,1,1,1,1,1,2,2,1,1,2,2,1,1
605,1,1,1,3,1,2,1,2,1,2,1,2,5,1,2,1,3,1,2,1,1,1,1,2,3,2,2,1,3,2,1,1
475,2,2,1,3,2,2,1,3,1,4,3,3,2,1,2,4,2,1,1,1,1,1,2,1,2,2,2,1,2,2,1,1
154,2,2,2,3,2,2,2,2,1,1,3,3,2,1,2,3,1,1,2,1,1,1,1,1,1,2,1,2,4,4,1,2
79,1,2,2,4,2,2,2,1,1,3,1,3,1,1,2,4,2,2,2,2,1,2,1,1,3,3,3,3,4,4,1,5
36,1,1,2,3,1,1,1,2,2,3,4,3,1,1,4,3,1,2,2,1,1,1,3,1,3,2,2,1,1,1,1,2
562,2,1,3,3,2,1,1,1,1,3,2,4,2,1,2,4,1,2,2,1,1,1,1,1,3,2,2,2,4,3,1,5
231,2,1,2,3,2,2,1,3,4,2,1,2,3,1,2,3,2,2,2,1,1,2,1,1,2,2,2,2,1,2,1,0
869,1,1,1,3,2,2,2,3,2,3,3,4,2,1,3,2,1,1,1,1,1,2,1,1,2,2,2,2,1,1,1,2
608,1,1,1,4,1,1,2,4,2,3,5,5,1,1,3,2,3,3,3,1,3,1,3,2,3,1,3,3,4,3,1,0
846,1,1,1,4,2,2,2,1,1,1,3,5,4,2,2,2,3,2,2,1,1,1,1,1,2,2,2,3,4,2,1,0
542,2,1,2,5,2,2,2,1,1,1,2,2,2,1,2,3,1,2,1,1,1,2,1,1,3,2,3,3,4,2,1,1
941,3,2,2,4,1,1,2,3,4,2,3,1,2,1,4,1,2,2,2,1,1,1,1,1,2,3,2,1,4,4,1,2
919,2,2,2,3,2,2,2,1,1,2,4,4,2,1,3,1,2,2,2,2,3,2,1,1,3,2,2,3,2,2,1,2
352,1,1,2,5,2,1,2,1,1,1,2,2,4,1,2,3,2,2,2,1,1,2,1,1,3,2,3,3,4,3,1,1
839,2,2,2,3,2,2,2,1,1,1,2,2,2,1,2,1,2,2,2,2,1,2,1,1,2,2,2,2,2,2,1,2
266,1,1,2,4,2,2,2,3,1,1,2,2,5,1,2,5,5,3,2,2,1,2,1,1,3,1,3,3,3,3,1,2
298,1,2,1,3,2,2,1,2,2,2,3,3,3,1,2,4,4,2,2,1,2,1,1,1,3,2,2,3,2,3,1,3
929,1,2,2,5,1,2,1,1,4,2,3,3,3,2,2,3,4,2,2,2,1,1,1,2,3,1,2,3,4,4,1,1
574,1,2,2,5,2,2,1,1,4,2,2,2,4,1,2,3,3,2,2,1,1,1,1,1,3,1,3,3,3,3,1,1
250,2,2,2,3,1,2,1,1,1,1,1,1,4,2,2,4,3,3,3,1,1,1,1,2,3,1,2,3,3,3,1,3
616,3,2,2,2,1,1,2,5,1,1,1,4,3,1,2,1,3,2,3,1,1,2,1,1,3,2,3,3,3,3,1,1
164,2,2,2,3,2,2,2,2,1,1,3,1,3,1,2,4,1,2,2,1,1,1,1,1,2,1,3,2,4,4,1,2
827,2,2,2,3,2,2,1,1,1,2,1,4,3,1,2,4,2,2,2,1,1,1,1,1,2,1,3,2,1,2,1,3
228,2,2,2,3,2,1,1,1,1,1,4,4,4,1,2,4,2,3,2,1,1,1,1,1,3,3,3,2,2,1,1,1
787,1,2,1,3,1,2,2,1,1,1,1,1,4,1,2,3,3,2,2,1,1,2,1,1,3,1,2,1,2,1,1,1
317,3,2,2,3,2,2,1,1,4,2,2,2,4,1,2,1,2,2,2,1,1,1,1,1,3,2,3,3,5,4,1,3
110,2,2,3,4,2,2,2,1,4,2,3,3,2,1,4,1,2,2,2,1,1,1,1,1,3,2,2,2,4,3,1,5
165,2,2,2,5,1,1,1,1,1,2,1,1,5,1,2,4,2,2,2,1,1,1,2,1,2,3,3,3,5,4,1,5
701,3,2,2,3,1,2,2,1,1,2,1,2,4,1,2,3,2,2,3,1,1,1,1,1,3,3,2,3,4,3,1,3
362,2,1,2,3,2,2,2,2,1,1,2,2,2,1,2,1,2,2,2,1,1,2,1,1,2,2,2,1,2,3,1,1
890,2,1,2,3,1,2,1,1,1,1,1,2,5,1,2,3,2,1,2,1,1,1,1,1,1,3,2,2,2,3,1,2
728,1,2,1,3,2,2,1,2,1,1,3,3,3,1,2,4,2,1,1,1,1,2,1,1,2,2,3,1,4,1,1,2
466,1,2,1,4,2,2,2,3,1,1,1,2,5,1,2,3,2,2,2,1,1,2,1,1,2,1,3,1,1,1,1,1
709,2,2,3,4,1,2,1,3,1,1,1,1,2,2,4,3,1,1,3,1,1,2,2,1,2,1,2,1,4,3,1,2
482,2,2,2,3,1,1,1,2,2,3,3,3,1,1,2,3,2,2,2,1,1,1,1,1,3,2,3,3,5,4,1,1
406,2,2,2,5,2,2,2,1,1,1,3,3,1,1,2,4,3,2,2,1,1,1,2,1,2,2,2,2,4,3,1,2
66,2,1,2,3,2,2,1,1,1,2,1,3,1,1,2,4,1,2,1,1,1,1,1,1,2,2,2,3,2,1,1,1
862,1,2,1,3,2,2,2,2,1,1,2,3,1,1,2,5,1,2,2,1,1,1,1,1,3,1,2,1,2,3,1,1
61,3,2,2,3,1,2,2,2,1,2,1,4,2,1,2,2,3,2,2,1,1,2,1,1,3,2,2,3,4,3,1,1
111,2,2,2,3,2,1,2,1,4,2,4,4,2,1,3,1,2,2,1,1,1,1,1,1,2,1,3,1,2,3,1,1
147,1,2,2,3,2,2,1,1,1,1,2,3,3,1,2,1,2,2,2,1,1,2,1,1,3,1,3,3,3,2,1,4
211,2,2,3,3,2,2,1,1,1,1,1,3,2,1,2,5,2,2,2,1,1,1,2,1,3,2,2,1,4,3,1,1
996,1,2,2,3,2,2,1,4,1,1,2,3,5,1,2,4,3,2,2,1,1,1,1,1,2,2,2,1,4,3,1,3
459,2,2,2,3,2,2,1,1,1,1,1,2,3,1,2,5,2,2,2,1,1,1,1,1,2,2,3,1,4,2,1,5
81,2,2,2,3,2,2,1,1,1,2,4,3,1,1,5,4,2,2,2,1,1,2,1,1,2,1,3,2,5,3,1,3
288,1,2,2,3,2,1,1,1,1,2,3,3,3,1,2,2,1,1,2,1,1,1,1,1,3,2,3,2,2,2,1,1
6,1,2,1,4,2,2,2,2,4,1,2,3,2,1,2,4,2,2,2,1,1,1,2,1,2,2,2,1,3,2,1,2
547,2,2,2,3,2,2,1,2,2,1,1,1,2,1,2,3,2,2,2,1,1,2,1,1,2,2,2,3,3,3,1,1
30,2,1,3,3,1,1,2,1,1,1,1,2,5,1,2,1,1,2,2,1,1,2,1,1,2,3,3,1,3,3,1,4
445,2,1,2,3,1,2,2,2,1,1,1,3,4,1,2,1,3,1,1,1,1,1,1,2,2,2,2,1,4,2,1,1
591,2,1,2,3,2,1,2,2,1,1,1,1,5,1,2,1,1,2,2,1,1,2,1,1,2,2,2,2,3,2,1,5
770,2,2,2,3,2,2,2,3,4,2,1,4,2,1,4,2,2,1,1,1,1,1,1,2,3,1,3,1,5,3,1,3
484,3,2,2,3,1,2,1,4,1,2,1,1,5,3,2,1,1,2,2,1,1,1,3,3,1,3,3,3,5,4,1,3
180,2,2,2,3,2,1,2,1,1,1,1,3,5,1,2,4,4,2,3,1,1,1,1,2,3,2,3,3,5,4,1,5
946,2,2,2,3,1,1,2,1,1,1,4,2,3,1,3,3,2,3,2,1,1,1,1,1,3,2,3,1,5,4,1,4
901,3,2,2,3,2,2,1,3,1,1,1,3,5,2,2,1,3,2,2,1,1,1,1,1,3,2,2,2,5,4,1,3
517,2,2,2,3,2,1,1,1,1,1,4,4,3,1,2,3,3,2,2,1,1,1,1,1,3,3,2,2,4,3,1,5
545,2,1,2,3,2,2,2,5,2,1,6,1,3,1,2,3,1,2,2,1,1,1,1,1,1,3,3,1,2,1,1,2
918,1,2,3,3,2,1,2,2,1,2,1,3,4,1,2,3,3,1,2,1,3,2,1,1,3,2,2,2,4,4,1,5
652,2,2,2,3,2,2,2,1,4,2,2,3,2,1,2,4,3,2,2,1,1,1,1,1,2,3,3,2,5,4,1,3
471,2,2,2,4,2,2,1,2,1,1,1,3,3,1,2,1,1,1,2,1,1,1,3,1,2,2,2,1,3,3,1,5
323,2,2,3,5,2,2,2,1,1,1,2,2,2,1,2,1,1,2,2,1,3,1,2,1,3,2,3,1,4,3,1,3
276,1,2,2,3,2,2,1,3,1,1,2,4,3,1,2,4,1,1,2,1,3,2,2,1,2,1,2,1,2,2,1,2
672,2,2,2,3,2,2,1,1,1,1,3,2,5,1,2,5,2,2,2,1,1,1,1,1,3,2,2,3,5,4,2,5
337,2,2,3,3,1,1,2,3,1,2,3,4,4,2,2,2,2,2,2,1,1,2,1,1,2,2,1,2,2,3,2,1
468,2,1,2,4,1,2,2,1,1,1,2,3,5,3,2,5,1,2,2,1,1,2,1,1,2,2,3,2,4,3,3,5
380,2,1,2,4,2,2,1,1,1,1,2,2,2,1,2,3,1,1,2,1,1,1,2,1,3,2,3,1,3,2,3,5
755,1,2,2,4,2,1,1,1,1,1,4,3,1,2,4,2,2,2,2,1,1,1,1,1,2,2,3,1,5,4,3,7
267,1,1,3,4,2,2,2,1,1,3,1,3,5,1,2,4,2,2,1,1,1,1,1,1,2,3,3,3,2,2,3,6
598,1,2,2,3,2,1,1,1,1,2,1,1,2,1,2,3,2,3,3,1,1,1,1,1,2,2,3,2,3,3,3,6
128,2,2,2,4,2,2,2,1,1,2,1,3,4,1,2,4,3,1,1,2,1,1,1,2,3,2,3,1,5,3,3,6
444,1,2,2,4,2,2,2,1,1,1,2,2,3,1,2,1,2,2,2,2,1,1,2,1,3,2,3,2,3,3,3,7
572,1,2,2,4,2,1,2,1,1,3,1,5,4,1,2,2,3,3,1,1,1,1,1,1,2,2,2,2,4,1,3,7
319,2,2,1,2,2,1,2,2,1,1,5,4,3,1,4,3,2,3,2,1,1,1,3,2,2,1,2,3,2,2,4,4
390,1,2,1,2,2,2,1,2,2,2,6,5,2,1,4,2,2,2,2,2,1,2,3,1,2,2,2,2,1,1,4,7
176,2,1,2,4,1,1,2,1,1,1,1,3,4,1,2,4,2,3,3,1,1,2,1,1,3,3,2,2,2,2,4,4
883,2,2,2,4,2,2,2,1,1,1,1,3,4,1,2,4,1,2,2,1,3,1,1,1,3,3,3,2,4,4,4,3
831,2,1,2,3,1,2,1,1,2,1,1,1,2,1,2,3,1,1,1,1,3,1,1,1,2,3,1,2,4,2,5,4
220,3,2,2,3,1,2,2,1,1,2,1,2,4,1,2,3,2,2,2,1,1,1,1,1,3,3,2,3,5,4,5,3
17,2,2,2,4,1,2,1,2,1,1,3,1,3,1,2,3,2,2,3,1,1,1,1,1,3,3,2,3,4,3,5,7
938,2,2,3,3,2,2,2,3,1,1,4,4,2,1,1,2,1,2,2,1,1,1,3,1,3,2,3,3,1,2,5,7
651,3,2,3,3,1,2,1,3,1,2,4,2,5,3,2,1,1,2,2,1,1,1,3,3,3,3,3,3,5,4,5,7
953,1,2,2,5,2,2,2,2,1,1,1,1,5,1,2,1,1,1,1,1,1,1,1,1,3,2,3,3,4,3,5,4
902,2,2,2,4,2,2,2,1,4,2,3,3,2,1,4,1,2,2,2,1,1,1,1,1,3,2,3,2,5,4,5,5
167,2,2,2,3,2,1,2,2,1,1,3,4,2,1,1,1,2,2,2,1,1,1,2,1,2,2,2,2,1,1,6,6
669,1,2,2,4,2,1,1,1,1,1,4,4,1,1,3,2,2,2,2,1,1,1,1,2,3,1,2,3,5,3,6,6
859,2,2,2,3,2,2,2,1,1,1,3,5,3,1,2,2,2,2,2,1,1,2,1,1,3,1,3,3,3,2,6,6
120,2,1,2,3,2,1,1,1,2,3,3,3,1,1,4,2,2,2,2,1,1,1,1,1,2,3,2,3,4,2,6,6
293,2,2,2,5,1,1,1,1,1,2,4,1,5,1,2,3,2,2,2,1,1,1,1,1,2,3,3,2,5,4,6,6
789,1,2,2,3,2,2,2,1,1,1,3,4,4,1,3,2,3,2,2,1,1,1,1,1,3,2,3,3,2,2,6,7
182,1,2,2,1,1,2,1,1,1,2,1,2,4,1,2,3,5,2,1,1,1,1,1,1,3,3,3,2,2,2,6,4
369,2,2,2,3,2,2,1,1,1,1,3,2,5,1,2,5,2,2,3,1,1,1,1,1,3,2,2,3,5,4,6,6
207,1,2,3,5,1,1,1,1,2,3,3,4,1,1,2,1,2,2,3,1,1,1,1,1,3,2,2,1,4,3,7,5
842,1,2,2,4,2,1,1,1,2,3,2,2,3,1,4,2,2,3,2,1,1,1,1,1,3,2,3,2,2,3,7,7
38,1,2,2,4,1,2,2,1,1,3,3,3,4,1,2,3,2,2,2,1,1,1,1,1,3,2,2,1,3,3,7,6
495,1,2,2,4,2,1,2,1,4,2,2,4,2,1,2,5,2,3,2,1,1,1,1,1,3,1,2,1,4,4,7,7
942,2,2,2,3,2,2,2,1,4,2,3,4,2,1,2,1,3,2,2,1,1,1,1,1,3,2,3,2,2,2,7,7
752,1,2,2,4,2,2,2,1,2,3,4,1,2,1,3,3,2,2,2,1,1,1,1,1,2,2,2,1,3,3,7,6
940,1,2,2,4,2,2,1,2,1,3,2,3,1,1,2,4,2,2,2,1,1,1,1,1,3,3,2,1,2,3,7,7
648,1,2,2,3,2,2,1,1,1,2,3,1,1,2,4,4,2,2,2,2,1,1,1,1,3,1,2,1,3,4,7,7
125,1,2,1,4,2,2,1,5,1,2,1,3,4,1,2,1,2,3,2,1,1,1,1,1,2,2,3,2,4,4,7,7
516,1,1,2,3,2,2,2,1,2,2,4,4,1,1,3,2,2,2,2,1,1,1,1,1,2,3,2,2,1,1,7,3
963,1,2,2,4,1,1,2,1,1,1,2,2,4,1,2,4,2,3,2,1,1,2,1,2,2,1,3,1,3,3,7,7
215,1,2,2,4,2,1,2,1,1,2,2,2,1,1,2,1,3,2,2,1,1,1,3,2,2,2,2,1,4,4,7,7
823,1,1,2,4,1,1,2,1,1,3,1,3,5,1,2,4,2,2,2,1,1,1,2,1,2,3,2,1,4,2,7,6
840,2,1,1,5,2,1,2,2,2,1,1,2,1,3,1,5,3,3,2,1,1,2,1,1,2,3,1,2,3,3,7,6
429,1,2,1,3,2,1,1,1,2,2,4,4,2,3,2,5,3,2,2,1,1,1,2,2,3,2,3,1,4,4,7,7
109,2,2,2,3,2,2,2,2,4,2,4,4,2,2,1,5,2,2,2,1,1,2,1,1,2,2,2,1,2,3,8,2
795,1,1,1,5,2,1,2,1,1,2,3,3,1,1,3,2,1,2,2,2,2,1,1,1,3,1,3,3,4,3,8,2
760,2,1,3,3,1,2,2,1,3,3,1,1,2,1,2,1,1,1,1,2,3,1,2,1,3,3,3,1,4,2,8,2
536,2,1,3,3,2,2,2,1,4,2,4,4,1,1,3,2,2,2,3,2,3,2,2,1,2,2,1,1,1,2,8,1
888,2,1,2,5,1,1,2,4,1,1,1,1,1,1,2,1,2,2,2,2,2,1,1,1,2,2,1,2,1,1,8,2
719,2,1,2,5,1,2,1,1,1,1,1,1,2,1,2,2,3,3,2,2,3,1,2,2,3,2,3,2,2,2,8,1
654,2,1,2,5,2,2,2,1,1,1,1,1,5,1,2,4,3,3,3,2,1,1,1,1,3,3,3,1,2,3,8,1
947,3,1,1,3,2,1,2,1,1,2,4,4,1,1,1,3,2,2,3,2,1,2,1,1,2,3,2,1,2,3,8,1
403,1,2,2,5,2,1,1,1,4,2,1,2,3,1,4,4,1,2,2,1,1,1,3,1,3,3,2,2,3,3,8,1
124,2,1,2,4,2,1,2,1,1,2,3,3,2,3,2,5,5,2,2,1,1,1,1,2,2,2,3,1,3,3,8,2
548,2,1,1,3,1,1,1,2,2,3,3,3,2,1,3,4,1,1,1,1,1,2,2,1,3,3,3,2,2,2,8,1
880,2,1,2,3,1,1,1,1,2,1,1,1,5,3,2,4,5,3,3,1,3,1,2,1,1,1,1,1,1,1,8,0
939,1,2,2,5,2,1,2,1,1,1,3,3,2,1,2,1,2,1,2,1,2,1,2,1,3,2,2,1,4,3,8,2
166,2,1,3,3,2,2,2,3,1,1,3,2,4,1,1,1,2,2,3,2,1,1,1,1,3,3,2,1,1,1,8,1
885,1,1,2,4,1,1,1,1,1,3,2,3,2,1,4,3,4,2,2,2,1,1,2,2,3,3,2,1,3,3,9,3
112,1,1,2,5,1,1,2,1,1,3,1,1,5,1,2,3,3,2,3,2,1,1,1,2,3,2,3,1,1,3,9,2
811,1,1,1,4,1,1,1,3,2,3,4,6,2,1,4,3,4,2,3,1,1,1,2,1,3,3,3,1,2,2,9,3
213,1,1,2,4,2,2,2,1,4,3,3,2,2,1,3,4,2,1,1,2,1,1,1,1,3,2,2,1,2,2,9,1
375,1,1,2,4,2,1,1,1,4,3,3,4,2,1,4,2,2,1,1,2,1,1,1,1,3,2,2,1,2,2,9,0
897,1,1,2,3,1,1,2,1,1,1,1,1,3,1,2,4,4,2,3,2,1,1,2,2,3,2,3,2,2,3,9,3
460,1,1,2,3,1,1,2,1,1,1,1,2,3,1,2,4,4,2,2,2,1,1,1,2,3,1,3,2,2,3,9,1
416,1,1,1,5,2,1,2,1,2,2,4,3,1,1,3,2,4,1,3,2,1,1,1,2,3,2,3,1,5,3,9,4
571,1,1,1,5,2,1,2,1,1,2,1,2,3,1,2,1,2,2,3,2,1,1,2,1,3,2,3,1,5,4,9,3
744,1,1,2,5,2,2,1,1,1,1,1,1,1,1,2,3,3,1,2,2,1,1,1,1,3,3,3,2,5,3,9,3
378,1,1,2,4,2,1,2,1,2,3,1,1,2,1,4,3,2,2,2,2,1,1,1,1,2,1,2,1,2,3,9,1
121,2,1,2,3,1,1,2,1,4,2,3,3,1,1,2,1,2,3,2,1,3,1,1,1,3,3,2,1,3,2,9,2
462,1,1,2,3,1,1,1,1,2,3,3,3,3,1,3,4,2,2,2,2,1,1,3,1,3,2,2,1,2,2,9,0
777,1,1,1,5,2,1,2,1,1,1,2,2,2,1,2,1,2,2,2,1,1,1,1,1,3,1,3,1,2,4,9,2
845,1,1,2,4,1,1,1,5,2,3,3,1,1,2,4,5,2,2,3,2,3,1,2,1,3,2,3,1,1,3,9,0
533,1,1,2,4,1,2,1,2,2,3,3,3,1,1,5,4,1,1,2,2,1,2,2,1,2,3,2,1,1,2,9,0
450,2,1,2,3,1,1,2,1,1,2,1,2,2,2,2,4,3,3,2,1,1,1,1,1,2,1,2,1,3,3,9,5
717,1,1,2,4,2,2,2,1,4,2,1,1,5,1,2,1,3,2,2,2,1,2,1,1,3,2,2,1,5,3,9,5
469,1,1,1,4,2,2,2,1,1,1,3,4,4,1,2,4,2,2,2,1,1,1,1,1,3,3,2,1,4,3,9,1
670,2,1,2,4,1,1,1,5,2,3,4,4,1,1,3,3,2,2,1,1,1,1,2,1,2,1,2,1,5,3,9,4
137,1,1,1,5,2,2,2,3,1,1,3,1,5,1,2,4,3,1,1,1,1,1,2,1,3,2,3,1,5,4,9,3
801,2,2,3,3,1,2,2,1,1,1,1,2,3,1,2,5,3,2,2,1,1,1,1,1,3,2,1,2,1,1,1,1
315,2,2,3,3,1,2,2,1,1,1,2,3,2,1,2,1,2,2,2,1,1,1,1,1,3,2,3,2,2,3,1,1
153,2,2,2,3,2,2,2,2,4,2,2,2,2,1,2,1,2,1,2,1,1,1,1,1,2,2,1,1,2,2,1,1
190,1,1,1,3,1,2,1,2,1,2,1,2,5,1,2,1,3,1,2,1,1,1,1,2,3,2,2,1,3,2,1,1
22,2,2,1,3,2,2,1,3,1,4,3,3,2,1,2,4,2,1,1,1,1,1,2,1,2,2,2,1,2,2,1,1
949,2,2,2,3,2,2,2,2,1,1,3,3,2,1,2,3,1,1,2,1,1,1,1,1,1,2,1,2,4,4,1,2
523,1,2,2,4,2,2,2,1,1,3,1,3,1,1,2,4,2,2,2,2,1,2,1,1,3,3,3,3,4,4,1,5
527,1,1,2,3,1,1,1,2,2,3,4,3,1,1,4,3,1,2,2,1,1,1,3,1,3,2,2,1,1,1,1,2
461,2,1,3,3,2,1,1,1,1,3,2,4,2,1,2,4,1,2,2,1,1,1,1,1,3,2,2,2,4,3,1,5
244,2,1,2,3,2,2,1,3,4,2,1,2,3,1,2,3,2,2,2,1,1,2,1,1,2,2,2,2,1,2,1,0
363,1,1,1,3,2,2,2,3,2,3,3,4,2,1,3,2,1,1,1,1,1,2,1,1,2,2,2,2,1,1,1,2
610,1,1,1,4,1,1,2,4,2,3,5,5,1,1,3,2,3,3,3,1,3,1,3,2,3,1,3,3,4,3,1,0
381,1,1,1,4,2,2,2,1,1,1,3,5,4,2,2,2,3,2,2,1,1,1,1,1,2,2,2,3,4,2,1,0
954,2,1,2,5,2,2,2,1,1,1,2,2,2,1,2,3,1,2,1,1,1,2,1,1,3,2,3,3,4,2,1,1
604,3,2,2,4,1,1,2,3,4,2,3,1,2,1,4,1,2,2,2,1,1,1,1,1,2,3,2,1,4,4,1,2
414,2,2,2,3,2,2,2,1,1,2,4,4,2,1,3,1,2,2,2,2,3,2,1,1,3,2,2,3,2,2,1,2
151,1,1,2,5,2,1,2,1,1,1,2,2,4,1,2,3,2,2,2,1,1,2,1,1,3,2,3,3,4,3,1,1
721,2,2,2,3,2,2,2,1,1,1,2,2,2,1,2,1,2,2,2,2,1,2,1,1,2,2,2,2,2,2,1,2
664,1,1,2,4,2,2,2,3,1,1,2,2,5,1,2,5,5,3,2,2,1,2,1,1,3,1,3,3,3,3,1,2
956,1,2,1,3,2,2,1,2,2,2,3,3,3,1,2,4,4,2,2,1,2,1,1,1,3,2,2,3,2,3,1,3
747,1,2,2,5,1,2,1,1,4,2,3,3,3,2,2,3,4,2,2,2,1,1,1,2,3,1,2,3,4,4,1,1
438,1,2,2,5,2,2,1,1,4,2,2,2,4,1,2,3,3,2,2,1,1,1,1,1,3,1,3,3,3,3,1,1
975,2,2,2,3,1,2,1,1,1,1,1,1,4,2,2,4,3,3,3,1,1,1,1,2,3,1,2,3,3,3,1,3
277,3,2,2,2,1,1,2,5,1,1,1,4,3,1,2,1,3,2,3,1,1,2,1,1,3,2,3,3,3,3,1,1
312,2,2,2,3,2,2,2,2,1,1,3,1,3,1,2,4,1,2,2,1,1,1,1,1,2,1,3,2,4,4,1,2
565,2,2,2,3,2,2,1,1,1,2,1,4,3,1,2,4,2,2,2,1,1,1,1,1,2,1,3,2,1,2,1,3
739,2,2,2,3,2,1,1,1,1,1,4,4,4,1,2,4,2,3,2,1,1,1,1,1,3,3,3,2,2,1,1,1
584,1,2,1,3,1,2,2,1,1,1,1,1,4,1,2,3,3,2,2,1,1,2,1,1,3,1,2,1,2,1,1,1
894,3,2,2,3,2,2,1,1,4,2,2,2,4,1,2,1,2,2,2,1,1,1,1,1,3,2,3,3,5,4,1,3
270,2,2,3,4,2,2,2,1,4,2,3,3,2,1,4,1,2,2,2,1,1,1,1,1,3,2,2,2,4,3,1,5
966,2,2,2,5,1,1,1,1,1,2,1,1,5,1,2,4,2,2,2,1,1,1,2,1,2,3,3,3,5,4,1,5
489,3,2,2,3,1,2,2,1,1,2,1,2,4,1,2,3,2,2,3,1,1,1,1,1,3,3,2,3,4,3,1,3
665,2,1,2,3,2,2,2,2,1,1,2,2,2,1,2,1,2,2,2,1,1,2,1,1,2,2,2,1,2,3,1,1
71,2,1,2,3,1,2,1,1,1,1,1,2,5,1,2,3,2,1,2,1,1,1,1,1,1,3,2,2,2,3,1,2
603,1,2,1,3,2,2,1,2,1,1,3,3,3,1,2,4,2,1,1,1,1,2,1,1,2,2,3,1,4,1,1,2
196,1,2,1,4,2,2,2,3,1,1,1,2,5,1,2,3,2,2,2,1,1,2,1,1,2,1,3,1,1,1,1,1
804,2,2,3,4,1,2,1,3,1,1,1,1,2,2,4,3,1,1,3,1,1,2,2,1,2,1,2,1,4,3,1,2
837,2,2,2,3,1,1,1,2,2,3,3,3,1,1,2,3,2,2,2,1,1,1,1,1,3,2,3,3,5,4,1,1
530,2,2,2,5,2,2,2,1,1,1,3,3,1,1,2,4,3,2,2,1,1,1,2,1,2,2,2,2,4,3,1,2
720,2,1,2,3,2,2,1,1,1,2,1,3,1,1,2,4,1,2,1,1,1,1,1,1,2,2,2,3,2,1,1,1
272,1,2,1,3,2,2,2,2,1,1,2,3,1,1,2,5,1,2,2,1,1,1,1,1,3,1,2,1,2,3,1,1
984,3,2,2,3,1,2,2,2,1,2,1,4,2,1,2,2,3,2,2,1,1,2,1,1,3,2,2,3,4,3,1,1
185,2,2,2,3,2,1,2,1,4,2,4,4,2,1,3,1,2,2,1,1,1,1,1,1,2,1,3,1,2,3,1,1
487,1,2,2,3,2,2,1,1,1,1,2,3,3,1,2,1,2,2,2,1,1,2,1,1,3,1,3,3,3,2,1,4
75,2,2,3,3,2,2,1,1,1,1,1,3,2,1,2,5,2,2,2,1,1,1,2,1,3,2,2,1,4,3,1,1
718,1,2,2,3,2,2,1,4,1,1,2,3,5,1,2,4,3,2,2,1,1,1,1,1,2,2,2,1,4,3,1,3
496,2,2,2,3,2,2,1,1,1,1,1,2,3,1,2,5,2,2,2,1,1,1,1,1,2,2,3,1,4,2,1,5
630,2,2,2,3,2,2,1,1,1,2,4,3,1,1,5,4,2,2,2,1,1,2,1,1,2,1,3,2,5,3,1,3
637,1,2,2,3,2,1,1,1,1,2,3,3,3,1,2,2,1,1,2,1,1,1,1,1,3,2,3,2,2,2,1,1
360,1,2,1,4,2,2,2,2,4,1,2,3,2,1,2,4,2,2,2,1,1,1,2,1,2,2,2,1,3,2,1,2
183,2,2,2,3,2,2,1,2,2,1,1,1,2,1,2,3,2,2,2,1,1,2,1,1,2,2,2,3,3,3,1,1
689,2,1,3,3,1,1,2,1,1,1,1,2,5,1,2,1,1,2,2,1,1,2,1,1,2,3,3,1,3,3,1,4
236,2,1,2,3,1,2,2,2,1,1,1,3,4,1,2,1,3,1,1,1,1,1,1,2,2,2,2,1,4,2,1,1
768,2,1,2,3,2,1,2,2,1,1,1,1,5,1,2,1,1,2,2,1,1,2,1,1,2,2,2,2,3,2,1,5
316,2,2,2,3,2,2,2,3,4,2,1,4,2,1,4,2,2,1,1,1,1,1,1,2,3,1,3,1,5,3,1,3
396,3,2,2,3,1,2,1,4,1,2,1,1,5,3,2,1,1,2,2,1,1,1,3,3,1,3,3,3,5,4,1,3
212,2,2,2,3,2,1,2,1,1,1,1,3,5,1,2,4,4,2,3,1,1,1,1,2,3,2,3,3,5,4,1,5
830,2,2,2,3,1,1,2,1,1,1,4,2,3,1,3,3,2,3,2,1,1,1,1,1,3,2,3,1,5,4,1,4
209,3,2,2,3,2,2,1,3,1,1,1,3,5,2,2,1,3,2,2,1,1,1,1,1,3,2,2,2,5,4,1,3
62,2,2,2,3,2,1,1,1,1,1,4,4,3,1,2,3,3,2,2,1,1,1,1,1,3,3,2,2,4,3,1,5
447,2,1,2,3,2,2,2,5,2,1,6,1,3,1,2,3,1,2,2,1,1,1,1,1,1,3,3,1,2,1,1,2
100,1,2,3,3,2,1,2,2,1,2,1,3,4,1,2,3,3,1,2,1,3,2,1,1,3,2,2,2,4,4,1,5
305,2,2,2,3,2,2,2,1,4,2,2,3,2,1,2,4,3,2,2,1,1,1,1,1,2,3,3,2,5,4,1,3
494,2,2,2,4,2,2,1,2,1,1,1,3,3,1,2,1,1,1,2,1,1,1,3,1,2,2,2,1,3,3,1,5
328,2,2,3,5,2,2,2,1,1,1,2,2,2,1,2,1,1,2,2,1,3,1,2,1,3,2,3,1,4,3,1,3
854,1,2,2,3,2,2,1,3,1,1,2,4,3,1,2,4,1,1,2,1,3,2,2,1,2,1,2,1,2,2,1,2
866,2,2,2,3,2,2,1,1,1,1,3,2,5,1,2,5,2,2,2,1,1,1,1,1,3,2,2,3,5,4,2,5
943,2,2,3,3,1,1,2,3,1,2,3,4,4,2,2,2,2,2,2,1,1,2,1,1,2,2,1,2,2,3,2,1
734,2,1,2,4,1,2,2,1,1,1,2,3,5,3,2,5,1,2,2,1,1,2,1,1,2,2,3,2,4,3,3,5
189,2,1,2,4,2,2,1,1,1,1,2,2,2,1,2,3,1,1,2,1,1,1,2,1,3,2,3,1,3,2,3,5
404,1,2,2,4,2,1,1,1,1,1,4,3,1,2,4,2,2,2,2,1,1,1,1,1,2,2,3,1,5,4,3,7
518,1,1,3,4,2,2,2,1,1,3,1,3,5,1,2,4,2,2,1,1,1,1,1,1,2,3,3,3,2,2,3,6
856,1,2,2,3,2,1,1,1,1,2,1,1,2,1,2,3,2,3,3,1,1,1,1,1,2,2,3,2,3,3,3,6
70,2,2,2,4,2,2,2,1,1,2,1,3,4,1,2,4,3,1,1,2,1,1,1,2,3,2,3,1,5,3,3,6
457,1,2,2,4,2,2,2,1,1,1,2,2,3,1,2,1,2,2,2,2,1,1,2,1,3,2,3,2,3,3,3,7
148,1,2,2,4,2,1,2,1,1,3,1,5,4,1,2,2,3,3,1,1,1,1,1,1,2,2,2,2,4,1,3,7
958,2,2,1,2,2,1,2,2,1,1,5,4,3,1,4,3,2,3,2,1,1,1,3,2,2,1,2,3,2,2,4,4
356,1,2,1,2,2,2,1,2,2,2,6,5,2,1,4,2,2,2,2,2,1,2,3,1,2,2,2,2,1,1,4,7
793,2,1,2,4,1,1,2,1,1,1,1,3,4,1,2,4,2,3,3,1,1,2,1,1,3,3,2,2,2,2,4,4
771,2,2,2,4,2,2,2,1,1,1,1,3,4,1,2,4,1,2,2,1,3,1,1,1,3,3,3,2,4,4,4,3
452,2,1,2,3,1,2,1,1,2,1,1,1,2,1,2,3,1,1,1,1,3,1,1,1,2,3,1,2,4,2,5,4
72,3,2,2,3,1,2,2,1,1,2,1,2,4,1,2,3,2,2,2,1,1,1,1,1,3,3,2,3,5,4,5,3
710,2,2,2,4,1,2,1,2,1,1,3,1,3,1,2,3,2,2,3,1,1,1,1,1,3,3,2,3,4,3,5,7
980,2,2,3,3,2,2,2,3,1,1,4,4,2,1,1,2,1,2,2,1,1,1,3,1,3,2,3,3,1,2,5,7
145,3,2,3,3,1,2,1,3,1,2,4,2,5,3,2,1,1,2,2,1,1,1,3,3,3,3,3,3,5,4,5,7
960,1,2,2,5,2,2,2,2,1,1,1,1,5,1,2,1,1,1,1,1,1,1,1,1,3,2,3,3,4,3,5,4
660,2,2,2,4,2,2,2,1,4,2,3,3,2,1,4,1,2,2,2,1,1,1,1,1,3,2,3,2,5,4,5,5
987,2,2,2,3,2,1,2,2,1,1,3,4,2,1,1,1,2,2,2,1,1,1,2,1,2,2,2,2,1,1,6,6
534,1,2,2,4,2,1,1,1,1,1,4,4,1,1,3,2,2,2,2,1,1,1,1,2,3,1,2,3,5,3,6,6
858,2,2,2,3,2,2,2,1,1,1,3,5,3,1,2,2,2,2,2,1,1,2,1,1,3,1,3,3,3,2,6,6
324,2,1,2,3,2,1,1,1,2,3,3,3,1,1,4,2,2,2,2,1,1,1,1,1,2,3,2,3,4,2,6,6
884,2,2,2,5,1,1,1,1,1,2,4,1,5,1,2,3,2,2,2,1,1,1,1,1,2,3,3,2,5,4,6,6
611,1,2,2,3,2,2,2,1,1,1,3,4,4,1,3,2,3,2,2,1,1,1,1,1,3,2,3,3,2,2,6,7
136,1,2,2,1,1,2,1,1,1,2,1,2,4,1,2,3,5,2,1,1,1,1,1,1,3,3,3,2,2,2,6,4
705,2,2,2,3,2,2,1,1,1,1,3,2,5,1,2,5,2,2,3,1,1,1,1,1,3,2,2,3,5,4,6,6
991,1,2,3,5,1,1,1,1,2,3,3,4,1,1,2,1,2,2,3,1,1,1,1,1,3,2,2,1,4,3,7,5
676,1,2,2,4,2,1,1,1,2,3,2,2,3,1,4,2,2,3,2,1,1,1,1,1,3,2,3,2,2,3,7,7
769,1,2,2,4,1,2,2,1,1,3,3,3,4,1,2,3,2,2,2,1,1,1,1,1,3,2,2,1,3,3,7,6
246,1,2,2,4,2,1,2,1,4,2,2,4,2,1,2,5,2,3,2,1,1,1,1,1,3,1,2,1,4,4,7,7
644,2,2,2,3,2,2,2,1,4,2,3,4,2,1,2,1,3,2,2,1,1,1,1,1,3,2,3,2,2,2,7,7
263,1,2,2,4,2,2,2,1,2,3,4,1,2,1,3,3,2,2,2,1,1,1,1,1,2,2,2,1,3,3,7,6
476,1,2,2,4,2,2,1,2,1,3,2,3,1,1,2,4,2,2,2,1,1,1,1,1,3,3,2,1,2,3,7,7
697,1,2,2,3,2,2,1,1,1,2,3,1,1,2,4,4,2,2,2,2,1,1,1,1,3,1,2,1,3,4,7,7
95,1,2,1,4,2,2,1,5,1,2,1,3,4,1,2,1,2,3,2,1,1,1,1,1,2,2,3,2,4,4,7,7
688,1,1,2,3,2,2,2,1,2,2,4,4,1,1,3,2,2,2,2,1,1,1,1,1,2,3,2,2,1,1,7,3
633,1,2,2,4,1,1,2,1,1,1,2,2,4,1,2,4,2,3,2,1,1,2,1,2,2,1,3,1,3,3,7,7
241,1,2,2,4,2,1,2,1,1,2,2,2,1,1,2,1,3,2,2,1,1,1,3,2,2,2,2,1,4,4,7,7
524,1,1,2,4,1,1,2,1,1,3,1,3,5,1,2,4,2,2,2,1,1,1,2,1,2,3,2,1,4,2,7,6
504,2,1,1,5,2,1,2,2,2,1,1,2,1,3,1,5,3,3,2,1,1,2,1,1,2,3,1,2,3,3,7,6
417,1,2,1,3,2,1,1,1,2,2,4,4,2,3,2,5,3,2,2,1,1,1,2,2,3,2,3,1,4,4,7,7
554,2,2,2,3,2,2,2,2,4,2,4,4,2,2,1,5,2,2,2,1,1,2,1,1,2,2,2,1,2,3,8,2
656,1,1,1,5,2,1,2,1,1,2,3,3,1,1,3,2,1,2,2,2,2,1,1,1,3,1,3,3,4,3,8,2
19,2,1,3,3,1,2,2,1,3,3,1,1,2,1,2,1,1,1,1,2,3,1,2,1,3,3,3,1,4,2,8,2
275,2,1,3,3,2,2,2,1,4,2,4,4,1,1,3,2,2,2,3,2,3,2,2,1,2,2,1,1,1,2,8,1
478,2,1,2,5,1,1,2,4,1,1,1,1,1,1,2,1,2,2,2,2,2,1,1,1,2,2,1,2,1,1,8,2
132,2,1,2,5,1,2,1,1,1,1,1,1,2,1,2,2,3,3,2,2,3,1,2,2,3,2,3,2,2,2,8,1
515,2,1,2,5,2,2,2,1,1,1,1,1,5,1,2,4,3,3,3,2,1,1,1,1,3,3,3,1,2,3,8,1
44,3,1,1,3,2,1,2,1,1,2,4,4,1,1,1,3,2,2,3,2,1,2,1,1,2,3,2,1,2,3,8,1
388,1,2,2,5,2,1,1,1,4,2,1,2,3,1,4,4,1,2,2,1,1,1,3,1,3,3,2,2,3,3,8,1
204,2,1,2,4,2,1,2,1,1,2,3,3,2,3,2,5,5,2,2,1,1,1,1,2,2,2,3,1,3,3,8,2
338,2,1,1,3,1,1,1,2,2,3,3,3,2,1,3,4,1,1,1,1,1,2,2,1,3,3,3,2,2,2,8,1
619,2,1,2,3,1,1,1,1,2,1,1,1,5,3,2,4,5,3,3,1,3,1,2,1,1,1,1,1,1,1,8,0
205,1,2,2,5,2,1,2,1,1,1,3,3,2,1,2,1,2,1,2,1,2,1,2,1,3,2,2,1,4,3,8,2
39,2,1,3,3,2,2,2,3,1,1,3,2,4,1,1,1,2,2,3,2,1,1,1,1,3,3,2,1,1,1,8,1
53,1,1,2,4,1,1,1,1,1,3,2,3,2,1,4,3,4,2,2,2,1,1,2,2,3,3,2,1,3,3,9,3
58,1,1,2,5,1,1,2,1,1,3,1,1,5,1,2,3,3,2,3,2,1,1,1,2,3,2,3,1,1,3,9,2
157,1,1,1,4,1,1,1,3,2,3,4,6,2,1,4,3,4,2,3,1,1,1,2,1,3,3,3,1,2,2,9,3
28,1,1,2,4,2,2,2,1,4,3,3,2,2,1,3,4,2,1,1,2,1,1,1,1,3,2,2,1,2,2,9,1
833,1,1,2,4,2,1,1,1,4,3,3,4,2,1,4,2,2,1,1,2,1,1,1,1,3,2,2,1,2,2,9,0
252,1,1,2,3,1,1,2,1,1,1,1,1,3,1,2,4,4,2,3,2,1,1,2,2,3,2,3,2,2,3,9,3
658,1,1,2,3,1,1,2,1,1,1,1,2,3,1,2,4,4,2,2,2,1,1,1,2,3,1,3,2,2,3,9,1
179,1,1,1,5,2,1,2,1,2,2,4,3,1,1,3,2,4,1,3,2,1,1,1,2,3,2,3,1,5,3,9,4
851,1,1,1,5,2,1,2,1,1,2,1,2,3,1,2,1,2,2,3,2,1,1,2,1,3,2,3,1,5,4,9,3
809,1,1,2,5,2,2,1,1,1,1,1,1,1,1,2,3,3,1,2,2,1,1,1,1,3,3,3,2,5,3,9,3
330,1,1,2,4,2,1,2,1,2,3,1,1,2,1,4,3,2,2,2,2,1,1,1,1,2,1,2,1,2,3,9,1
94,2,1,2,3,1,1,2,1,4,2,3,3,1,1,2,1,2,3,2,1,3,1,1,1,3,3,2,1,3,2,9,2
826,1,1,2,3,1,1,1,1,2,3,3,3,3,1,3,4,2,2,2,2,1,1,3,1,3,2,2,1,2,2,9,0
227,1,1,1,5,2,1,2,1,1,1,2,2,2,1,2,1,2,2,2,1,1,1,1,1,3,1,3,1,2,4,9,2
1000,1,1,2,4,1,1,1,5,2,3,3,1,1,2,4,5,2,2,3,2,3,1,2,1,3,2,3,1,1,3,9,0
114,1,1,2,4,1,2,1,2,2,3,3,3,1,1,5,4,1,1,2,2,1,2,2,1,2,3,2,1,1,2,9,0
251,2,1,2,3,1,1,2,1,1,2,1,2,2,2,2,4,3,3,2,1,1,1,1,1,2,1,2,1,3,3,9,5
613,1,1,2,4,2,2,2,1,4,2,1,1,5,1,2,1,3,2,2,2,1,2,1,1,3,2,2,1,5,3,9,5
101,1,1,1,4,2,2,2,1,1,1,3,4,4,1,2,4,2,2,2,1,1,1,1,1,3,3,2,1,4,3,9,1
871,2,1,2,4,1,1,1,5,2,3,4,4,1,1,3,3,2,2,1,1,1,1,2,1,2,1,2,1,5,3,9,4
551,1,1,1,5,2,2,2,3,1,1,3,1,5,1,2,4,3,1,1,1,1,1,2,1,3,2,3,1,5,4,9,3
931,2,2,3,3,1,2,2,1,1,1,1,2,3,1,2,5,3,2,2,1,1,1,1,1,3,2,1,2,1,1,1,1
49,2,2,3,3,1,2,2,1,1,1,2,3,2,1,2,1,2,2,2,1,1,1,1,1,3,2,3,2,2,3,1,1
512,2,2,2,3,2,2,2,2,4,2,2,2,2,1,2,1,2,1,2,1,1,1,1,1,2,2,1,1,2,2,1,1
261,1,1,1,3,1,2,1,2,1,2,1,2,5,1,2,1,3,1,2,1,1,1,1,2,3,2,2,1,3,2,1,1
754,2,2,1,3,2,2,1,3,1,4,3,3,2,1,2,4,2,1,1,1,1,1,2,1,2,2,2,1,2,2,1,1
345,2,2,2,3,2,2,2,2,1,1,3,3,2,1,2,3,1,1,2,1,1,1,1,1,1,2,1,2,4,4,1,2
970,1,2,2,4,2,2,2,1,1,3,1,3,1,1,2,4,2,2,2,2,1,2,1,1,3,3,3,3,4,4,1,5
990,1,1,2,3,1,1,1,2,2,3,4,3,1,1,4,3,1,2,2,1,1,1,3,1,3,2,2,1,1,1,1,2
911,2,1,3,3,2,1,1,1,1,3,2,4,2,1,2,4,1,2,2,1,1,1,1,1,3,2,2,2,4,3,1,5
909,2,1,2,3,2,2,1,3,4,2,1,2,3,1,2,3,2,2,2,1,1,2,1,1,2,2,2,2,1,2,1,0
817,1,1,1,3,2,2,2,3,2,3,3,4,2,1,3,2,1,1,1,1,1,2,1,1,2,2,2,2,1,1,1,2
733,1,1,1,4,1,1,2,4,2,3,5,5,1,1,3,2,3,3,3,1,3,1,3,2,3,1,3,3,4,3,1,0
626,1,1,1,4,2,2,2,1,1,1,3,5,4,2,2,2,3,2,2,1,1,1,1,1,2,2,2,3,4,2,1,0
292,2,1,2,5,2,2,2,1,1,1,2,2,2,1,2,3,1,2,1,1,1,2,1,1,3,2,3,3,4,2,1,1
82,3,2,2,4,1,1,2,3,4,2,3,1,2,1,4,1,2,2,2,1,1,1,1,1,2,3,2,1,4,4,1,2
355,2,2,2,3,2,2,2,1,1,2,4,4,2,1,3,1,2,2,2,2,3,2,1,1,3,2,2,3,2,2,1,2
948,1,1,2,5,2,1,2,1,1,1,2,2,4,1,2,3,2,2,2,1,1,2,1,1,3,2,3,3,4,3,1,1
341,2,2,2,3,2,2,2,1,1,1,2,2,2,1,2,1,2,2,2,2,1,2,1,1,2,2,2,2,2,2,1,2
952,1,1,2,4,2,2,2,3,1,1,2,2,5,1,2,5,5,3,2,2,1,2,1,1,3,1,3,3,3,3,1,2
711,1,2,1,3,2,2,1,2,2,2,3,3,3,1,2,4,4,2,2,1,2,1,1,1,3,2,2,3,2,3,1,3
635,1,2,2,5,1,2,1,1,4,2,3,3,3,2,2,3,4,2,2,2,1,1,1,2,3,1,2,3,4,4,1,1
850,1,2,2,5,2,2,1,1,4,2,2,2,4,1,2,3,3,2,2,1,1,1,1,1,3,1,3,3,3,3,1,1
716,2,2,2,3,1,2,1,1,1,1,1,1,4,2,2,4,3,3,3,1,1,1,1,2,3,1,2,3,3,3,1,3
627,3,2,2,2,1,1,2,5,1,1,1,4,3,1,2,1,3,2,3,1,1,2,1,1,3,2,3,3,3,3,1,1
661,2,2,2,3,2,2,2,2,1,1,3,1,3,1,2,4,1,2,2,1,1,1,1,1,2,1,3,2,4,4,1,2
877,2,2,2,3,2,2,1,1,1,2,1,4,3,1,2,4,2,2,2,1,1,1,1,1,2,1,3,2,1,2,1,3
177,2,2,2,3,2,1,1,1,1,1,4,4,4,1,2,4,2,3,2,1,1,1,1,1,3,3,3,2,2,1,1,1
322,1,2,1,3,1,2,2,1,1,1,1,1,4,1,2,3,3,2,2,1,1,2,1,1,3,1,2,1,2,1,1,1
914,3,2,2,3,2,2,1,1,4,2,2,2,4,1,2,1,2,2,2,1,1,1,1,1,3,2,3,3,5,4,1,3
486,2,2,3,4,2,2,2,1,4,2,3,3,2,1,4,1,2,2,2,1,1,1,1,1,3,2,2,2,4,3,1,5
723,2,2,2,5,1,1,1,1,1,2,1,1,5,1,2,4,2,2,2,1,1,1,2,1,2,3,3,3,5,4,1,5
105,3,2,2,3,1,2,2,1,1,2,1,2,4,1,2,3,2,2,3,1,1,1,1,1,3,3,2,3,4,3,1,3
52,2,1,2,3,2,2,2,2,1,1,2,2,2,1,2,1,2,2,2,1,1,2,1,1,2,2,2,1,2,3,1,1
436,2,1,2,3,1,2,1,1,1,1,1,2,5,1,2,3,2,1,2,1,1,1,1,1,1,3,2,2,2,3,1,2
829,1,2,1,3,2,2,1,2,1,1,3,3,3,1,2,4,2,1,1,1,1,2,1,1,2,2,3,1,4,1,1,2
753,1,2,1,4,2,2,2,3,1,1,1,2,5,1,2,3,2,2,2,1,1,2,1,1,2,1,3,1,1,1,1,1
130,2,2,3,4,1,2,1,3,1,1,1,1,2,2,4,3,1,1,3,1,1,2,2,1,2,1,2,1,4,3,1,2
91,2,2,2,3,1,1,1,2,2,3,3,3,1,1,2,3,2,2,2,1,1,1,1,1,3,2,3,3,5,4,1,1
590,2,2,2,5,2,2,2,1,1,1,3,3,1,1,2,4,3,2,2,1,1,1,2,1,2,2,2,2,4,3,1,2
965,2,1,2,3,2,2,1,1,1,2,1,3,1,1,2,4,1,2,1,1,1,1,1,1,2,2,2,3,2,1,1,1
99,1,2,1,3,2,2,2,2,1,1,2,3,1,1,2,5,1,2,2,1,1,1,1,1,3,1,2,1,2,3,1,1
912,3,2,2,3,1,2,2,2,1,2,1,4,2,1,2,2,3,2,2,1,1,2,1,1,3,2,2,3,4,3,1,1
395,2,2,2,3,2,1,2,1,4,2,4,4,2,1,3,1,2,2,1,1,1,1,1,1,2,1,3,1,2,3,1,1
923,1,2,2,3,2,2,1,1,1,1,2,3,3,1,2,1,2,2,2,1,1,2,1,1,3,1,3,3,3,2,1,4
499,2,2,3,3,2,2,1,1,1,1,1,3,2,1,2,5,2,2,2,1,1,1,2,1,3,2,2,1,4,3,1,1
115,1,2,2,3,2,2,1,4,1,1,2,3,5,1,2,4,3,2,2,1,1,1,1,1,2,2,2,1,4,3,1,3
815,2,2,2,3,2,2,1,1,1,1,1,2,3,1,2,5,2,2,2,1,1,1,1,1,2,2,3,1,4,2,1,5
570,2,2,2,3,2,2,1,1,1,2,4,3,1,1,5,4,2,2,2,1,1,2,1,1,2,1,3,2,5,3,1,3
825,1,2,2,3,2,1,1,1,1,2,3,3,3,1,2,2,1,1,2,1,1,1,1,1,3,2,3,2,2,2,1,1
620,1,2,1,4,2,2,2,2,4,1,2,3,2,1,2,4,2,2,2,1,1,1,2,1,2,2,2,1,3,2,1,2
175,2,2,2,3,2,2,1,2,2,1,1,1,2,1,2,3,2,2,2,1,1,2,1,1,2,2,2,3,3,3,1,1
358,2,1,3,3,1,1,2,1,1,1,1,2,5,1,2,1,1,2,2,1,1,2,1,1,2,3,3,1,3,3,1,4
191,2,1,2,3,1,2,2,2,1,1,1,3,4,1,2,1,3,1,1,1,1,1,1,2,2,2,2,1,4,2,1,1
492,2,1,2,3,2,1,2,2,1,1,1,1,5,1,2,1,1,2,2,1,1,2,1,1,2,2,2,2,3,2,1,5
529,2,2,2,3,2,2,2,3,4,2,1,4,2,1,4,2,2,1,1,1,1,1,1,2,3,1,3,1,5,3,1,3
389,3,2,2,3,1,2,1,4,1,2,1,1,5,3,2,1,1,2,2,1,1,1,3,3,1,3,3,3,5,4,1,3
878,2,2,2,3,2,1,2,1,1,1,1,3,5,1,2,4,4,2,3,1,1,1,1,2,3,2,3,3,5,4,1,5
368,2,2,2,3,1,1,2,1,1,1,4,2,3,1,3,3,2,3,2,1,1,1,1,1,3,2,3,1,5,4,1,4
122,3,2,2,3,2,2,1,3,1,1,1,3,5,2,2,1,3,2,2,1,1,1,1,1,3,2,2,2,5,4,1,3
332,2,2,2,3,2,1,1,1,1,1,4,4,3,1,2,3,3,2,2,1,1,1,1,1,3,3,2,2,4,3,1,5
303,2,1,2,3,2,2,2,5,2,1,6,1,3,1,2,3,1,2,2,1,1,1,1,1,1,3,3,1,2,1,1,2
336,1,2,3,3,2,1,2,2,1,2,1,3,4,1,2,3,3,1,2,1,3,2,1,1,3,2,2,2,4,4,1,5
588,2,2,2,3,2,2,2,1,4,2,2,3,2,1,2,4,3,2,2,1,1,1,1,1,2,3,3,2,5,4,1,3
609,2,2,2,4,2,2,1,2,1,1,1,3,3,1,2,1,1,1,2,1,1,1,3,1,2,2,2,1,3,3,1,5
920,2,2,3,5,2,2,2,1,1,1,2,2,2,1,2,1,1,2,2,1,3,1,2,1,3,2,3,1,4,3,1,3
370,1,2,2,3,2,2,1,3,1,1,2,4,3,1,2,4,1,1,2,1,3,2,2,1,2,1,2,1,2,2,1,2
405,2,2,2,3,2,2,1,1,1,1,3,2,5,1,2,5,2,2,2,1,1,1,1,1,3,2,2,3,5,4,2,5
779,2,2,3,3,1,1,2,3,1,2,3,4,4,2,2,2,2,2,2,1,1,2,1,1,2,2,1,2,2,3,2,1
962,2,1,2,4,1,2,2,1,1,1,2,3,5,3,2,5,1,2,2,1,1,2,1,1,2,2,3,2,4,3,3,5
268,2,1,2,4,2,2,1,1,1,1,2,2,2,1,2,3,1,1,2,1,1,1,2,1,3,2,3,1,3,2,3,5
625,1,2,2,4,2,1,1,1,1,1,4,3,1,2,4,2,2,2,2,1,1,1,1,1,2,2,3,1,5,4,3,7
217,1,1,3,4,2,2,2,1,1,3,1,3,5,1,2,4,2,2,1,1,1,1,1,1,2,3,3,3,2,2,3,6
479,1,2,2,3,2,1,1,1,1,2,1,1,2,1,2,3,2,3,3,1,1,1,1,1,2,2,3,2,3,3,3,6
500,2,2,2,4,2,2,2,1,1,2,1,3,4,1,2,4,3,1,1,2,1,1,1,2,3,2,3,1,5,3,3,6
409,1,2,2,4,2,2,2,1,1,1,2,2,3,1,2,1,2,2,2,2,1,1,2,1,3,2,3,2,3,3,3,7
546,1,2,2,4,2,1,2,1,1,3,1,5,4,1,2,2,3,3,1,1,1,1,1,1,2,2,2,2,4,1,3,7
967,2,2,1,2,2,1,2,2,1,1,5,4,3,1,4,3,2,3,2,1,1,1,3,2,2,1,2,3,2,2,4,4
343,1,2,1,2,2,2,1,2,2,2,6,5,2,1,4,2,2,2,2,2,1,2,3,1,2,2,2,2,1,1,4,7
639,2,1,2,4,1,1,2,1,1,1,1,3,4,1,2,4,2,3,3,1,1,2,1,1,3,3,2,2,2,2,4,4
402,2,2,2,4,2,2,2,1,1,1,1,3,4,1,2,4,1,2,2,1,3,1,1,1,3,3,3,2,4,4,4,3
617,2,1,2,3,1,2,1,1,2,1,1,1,2,1,2,3,1,1,1,1,3,1,1,1,2,3,1,2,4,2,5,4
349,3,2,2,3,1,2,2,1,1,2,1,2,4,1,2,3,2,2,2,1,1,1,1,1,3,3,2,3,5,4,5,3
994,2,2,2,4,1,2,1,2,1,1,3,1,3,1,2,3,2,2,3,1,1,1,1,1,3,3,2,3,4,3,5,7
279,2,2,3,3,2,2,2,3,1,1,4,4,2,1,1,2,1,2,2,1,1,1,3,1,3,2,3,3,1,2,5,7
926,3,2,3,3,1,2,1,3,1,2,4,2,5,3,2,1,1,2,2,1,1,1,3,3,3,3,3,3,5,4,5,7
816,1,2,2,5,2,2,2,2,1,1,1,1,5,1,2,1,1,1,1,1,1,1,1,1,3,2,3,3,4,3,5,4
765,2,2,2,4,2,2,2,1,4,2,3,3,2,1,4,1,2,2,2,1,1,1,1,1,3,2,3,2,5,4,5,5
160,2,2,2,3,2,1,2,2,1,1,3,4,2,1,1,1,2,2,2,1,1,1,2,1,2,2,2,2,1,1,6,6
606,1,2,2,4,2,1,1,1,1,1,4,4,1,1,3,2,2,2,2,1,1,1,1,2,3,1,2,3,5,3,6,6
602,2,2,2,3,2,2,2,1,1,1,3,5,3,1,2,2,2,2,2,1,1,2,1,1,3,1,3,3,3,2,6,6
893,2,1,2,3,2,1,1,1,2,3,3,3,1,1,4,2,2,2,2,1,1,1,1,1,2,3,2,3,4,2,6,6
810,2,2,2,5,1,1,1,1,1,2,4,1,5,1,2,3,2,2,2,1,1,1,1,1,2,3,3,2,5,4,6,6
802,1,2,2,3,2,2,2,1,1,1,3,4,4,1,3,2,3,2,2,1,1,1,1,1,3,2,3,3,2,2,6,7
162,1,2,2,1,1,2,1,1,1,2,1,2,4,1,2,3,5,2,1,1,1,1,1,1,3,3,3,2,2,2,6,4
449,2,2,2,3,2,2,1,1,1,1,3,2,5,1,2,5,2,2,3,1,1,1,1,1,3,2,2,3,5,4,6,6
463,1,2,3,5,1,1,1,1,2,3,3,4,1,1,2,1,2,2,3,1,1,1,1,1,3,2,2,1,4,3,7,5
41,1,2,2,4,2,1,1,1,2,3,2,2,3,1,4,2,2,3,2,1,1,1,1,1,3,2,3,2,2,3,7,7
838,1,2,2,4,1,2,2,1,1,3,3,3,4,1,2,3,2,2,2,1,1,1,1,1,3,2,2,1,3,3,7,6
703,1,2,2,4,2,1,2,1,4,2,2,4,2,1,2,5,2,3,2,1,1,1,1,1,3,1,2,1,4,4,7,7
490,2,2,2,3,2,2,2,1,4,2,3,4,2,1,2,1,3,2,2,1,1,1,1,1,3,2,3,2,2,2,7,7
906,1,2,2,4,2,2,2,1,2,3,4,1,2,1,3,3,2,2,2,1,1,1,1,1,2,2,2,1,3,3,7,6
174,1,2,2,4,2,2,1,2,1,3,2,3,1,1,2,4,2,2,2,1,1,1,1,1,3,3,2,1,2,3,7,7
4,1,2,2,3,2,2,1,1,1,2,3,1,1,2,4,4,2,2,2,2,1,1,1,1,3,1,2,1,3,4,7,7
161,1,2,1,4,2,2,1,5,1,2,1,3,4,1,2,1,2,3,2,1,1,1,1,1,2,2,3,2,4,4,7,7
31,1,1,2,3,2,2,2,1,2,2,4,4,1,1,3,2,2,2,2,1,1,1,1,1,2,3,2,2,1,1,7,3
623,1,2,2,4,1,1,2,1,1,1,2,2,4,1,2,4,2,3,2,1,1,2,1,2,2,1,3,1,3,3,7,7
818,1,2,2,4,2,1,2,1,1,2,2,2,1,1,2,1,3,2,2,1,1,1,3,2,2,2,2,1,4,4,7,7
60,1,1,2,4,1,1,2,1,1,3,1,3,5,1,2,4,2,2,2,1,1,1,2,1,2,3,2,1,4,2,7,6
384,2,1,1,5,2,1,2,2,2,1,1,2,1,3,1,5,3,3,2,1,1,2,1,1,2,3,1,2,3,3,7,6
971,1,2,1,3,2,1,1,1,2,2,4,4,2,3,2,5,3,2,2,1,1,1,2,2,3,2,3,1,4,4,7,7
427,2,2,2,3,2,2,2,2,4,2,4,4,2,2,1,5,2,2,2,1,1,2,1,1,2,2,2,1,2,3,8,2
431,1,1,1,5,2,1,2,1,1,2,3,3,1,1,3,2,1,2,2,2,2,1,1,1,3,1,3,3,4,3,8,2
408,2,1,3,3,1,2,2,1,3,3,1,1,2,1,2,1,1,1,1,2,3,1,2,1,3,3,3,1,4,2,8,2
577,2,1,3,3,2,2,2,1,4,2,4,4,1,1,3,2,2,2,3,2,3,2,2,1,2,2,1,1,1,2,8,1
803,2,1,2,5,1,1,2,4,1,1,1,1,1,1,2,1,2,2,2,2,2,1,1,1,2,2,1,2,1,1,8,2
273,2,1,2,5,1,2,1,1,1,1,1,1,2,1,2,2,3,3,2,2,3,1,2,2,3,2,3,2,2,2,8,1
371,2,1,2,5,2,2,2,1,1,1,1,1,5,1,2,4,3,3,3,2,1,1,1,1,3,3,3,1,2,3,8,1
999,3,1,1,3,2,1,2,1,1,2,4,4,1,1,1,3,2,2,3,2,1,2,1,1,2,3,2,1,2,3,8,1
595,1,2,2,5,2,1,1,1,4,2,1,2,3,1,4,4,1,2,2,1,1,1,3,1,3,3,2,2,3,3,8,1
63,2,1,2,4,2,1,2,1,1,2,3,3,2,3,2,5,5,2,2,1,1,1,1,2,2,2,3,1,3,3,8,2
899,2,1,1,3,1,1,1,2,2,3,3,3,2,1,3,4,1,1,1,1,1,2,2,1,3,3,3,2,2,2,8,1
0,2,1,2,3,1,1,1,1,2,1,1,1,5,3,2,4,5,3,3,1,3,1,2,1,1,1,1,1,1,1,8,0
796,1,2,2,5,2,1,2,1,1,1,3,3,2,1,2,1,2,1,2,1,2,1,2,1,3,2,2,1,4,3,8,2
181,2,1,3,3,2,2,2,3,1,1,3,2,4,1,1,1,2,2,3,2,1,1,1,1,3,3,2,1,1,1,8,1
290,1,1,2,4,1,1,1,1,1,3,2,3,2,1,4,3,4,2,2,2,1,1,2,2,3,3,2,1,3,3,9,3
373,1,1,2,5,1,1,2,1,1,3,1,1,5,1,2,3,3,2,3,2,1,1,1,2,3,2,3,1,1,3,9,2
285,1,1,1,4,1,1,1,3,2,3,4,6,2,1,4,3,4,2,3,1,1,1,2,1,3,3,3,1,2,2,9,3
882,1,1,2,4,2,2,2,1,4,3,3,2,2,1,3,4,2,1,1,2,1,1,1,1,3,2,2,1,2,2,9,1
776,1,1,2,4,2,1,1,1,4,3,3,4,2,1,4,2,2,1,1,2,1,1,1,1,3,2,2,1,2,2,9,0
935,1,1,2,3,1,1,2,1,1,1,1,1,3,1,2,4,4,2,3,2,1,1,2,2,3,2,3,2,2,3,9,3
679,1,1,2,3,1,1,2,1,1,1,1,2,3,1,2,4,4,2,2,2,1,1,1,2,3,1,3,2,2,3,9,1
102,1,1,1,5,2,1,2,1,2,2,4,3,1,1,3,2,4,1,3,2,1,1,1,2,3,2,3,1,5,3,9,4
618,1,1,1,5,2,1,2,1,1,2,1,2,3,1,2,1,2,2,3,2,1,1,2,1,3,2,3,1,5,4,9,3
607,1,1,2,5,2,2,1,1,1,1,1,1,1,1,2,3,3,1,2,2,1,1,1,1,3,3,3,2,5,3,9,3
743,1,1,2,4,2,1,2,1,2,3,1,1,2,1,4,3,2,2,2,2,1,1,1,1,2,1,2,1,2,3,9,1
682,2,1,2,3,1,1,2,1,4,2,3,3,1,1,2,1,2,3,2,1,3,1,1,1,3,3,2,1,3,2,9,2
16,1,1,2,3,1,1,1,1,2,3,3,3,3,1,3,4,2,2,2,2,1,1,3,1,3,2,2,1,2,2,9,0
969,1,1,1,5,2,1,2,1,1,1,2,2,2,1,2,1,2,2,2,1,1,1,1,1,3,1,3,1,2,4,9,2
46,1,1,2,4,1,1,1,5,2,3,3,1,1,2,4,5,2,2,3,2,3,1,2,1,3,2,3,1,1,3,9,0
706,1,1,2,4,1,2,1,2,2,3,3,3,1,1,5,4,1,1,2,2,1,2,2,1,2,3,2,1,1,2,9,0
993,2,1,2,3,1,1,2,1,1,2,1,2,2,2,2,4,3,3,2,1,1,1,1,1,2,1,2,1,3,3,9,5
508,1,1,2,4,2,2,2,1,4,2,1,1,5,1,2,1,3,2,2,2,1,2,1,1,3,2,2,1,5,3,9,5
989,1,1,1,4,2,2,2,1,1,1,3,4,4,1,2,4,2,2,2,1,1,1,1,1,3,3,2,1,4,3,9,1
133,2,1,2,4,1,1,1,5,2,3,4,4,1,1,3,3,2,2,1,1,1,1,2,1,2,1,2,1,5,3,9,4
15,1,1,1,5,2,2,2,3,1,1,3,1,5,1,2,4,3,1,1,1,1,1,2,1,3,2,3,1,5,4,9,3
78,2,2,3,3,1,2,2,1,1,1,1,2,3,1,2,5,3,2,2,1,1,1,1,1,3,2,1,2,1,1,1,1
433,2,2,3,3,1,2,2,1,1,1,2,3,2,1,2,1,2,2,2,1,1,1,1,1,3,2,3,2,2,3,1,1
784,2,2,2,3,2,2,2,2,4,2,2,2,2,1,2,1,2,1,2,1,1,1,1,1,2,2,1,1,2,2,1,1
983,1,1,1,3,1,2,1,2,1,2,1,2,5,1,2,1,3,1,2,1,1,1,1,2,3,2,2,1,3,2,1,1
197,2,2,1,3,2,2,1,3,1,4,3,3,2,1,2,4,2,1,1,1,1,1,2,1,2,2,2,1,2,2,1,1
483,2,2,2,3,2,2,2,2,1,1,3,3,2,1,2,3,1,1,2,1,1,1,1,1,1,2,1,2,4,4,1,2
376,1,2,2,4,2,2,2,1,1,3,1,3,1,1,2,4,2,2,2,2,1,2,1,1,3,3,3,3,4,4,1,5
915,1,1,2,3,1,1,1,2,2,3,4,3,1,1,4,3,1,2,2,1,1,1,3,1,3,2,2,1,1,1,1,2
210,2,1,3,3,2,1,1,1,1,3,2,4,2,1,2,4,1,2,2,1,1,1,1,1,3,2,2,2,4,3,1,5
20,2,1,2,3,2,2,1,3,4,2,1,2,3,1,2,3,2,2,2,1,1,2,1,1,2,2,2,2,1,2,1,0
425,1,1,1,3,2,2,2,3,2,3,3,4,2,1,3,2,1,1,1,1,1,2,1,1,2,2,2,2,1,1,1,2
668,1,1,1,4,1,1,2,4,2,3,5,5,1,1,3,2,3,3,3,1,3,1,3,2,3,1,3,3,4,3,1,0
54,1,1,1,4,2,2,2,1,1,1,3,5,4,2,2,2,3,2,2,1,1,1,1,1,2,2,2,3,4,2,1,0
950,2,1,2,5,2,2,2,1,1,1,2,2,2,1,2,3,1,2,1,1,1,2,1,1,3,2,3,3,4,2,1,1
782,3,2,2,4,1,1,2,3,4,2,3,1,2,1,4,1,2,2,2,1,1,1,1,1,2,3,2,1,4,4,1,2
108,2,2,2,3,2,2,2,1,1,2,4,4,2,1,3,1,2,2,2,2,3,2,1,1,3,2,2,3,2,2,1,2
400,1,1,2,5,2,1,2,1,1,1,2,2,4,1,2,3,2,2,2,1,1,2,1,1,3,2,3,3,4,3,1,1
685,2,2,2,3,2,2,2,1,1,1,2,2,2,1,2,1,2,2,2,2,1,2,1,1,2,2,2,2,2,2,1,2
673,1,1,2,4,2,2,2,3,1,1,2,2,5,1,2,5,5,3,2,2,1,2,1,1,3,1,3,3,3,3,1,2
198,1,2,1,3,2,2,1,2,2,2,3,3,3,1,2,4,4,2,2,1,2,1,1,1,3,2,2,3,2,3,1,3
14,1,2,2,5,1,2,1,1,4,2,3,3,3,2,2,3,4,2,2,2,1,1,1,2,3,1,2,3,4,4,1,1
172,1,2,2,5,2,2,1,1,4,2,2,2,4,1,2,3,3,2,2,1,1,1,1,1,3,1,3,3,3,3,1,1
359,2,2,2,3,1,2,1,1,1,1,1,1,4,2,2,4,3,3,3,1,1,1,1,2,3,1,2,3,3,3,1,3
714,3,2,2,2,1,1,2,5,1,1,1,4,3,1,2,1,3,2,3,1,1,2,1,1,3,2,3,3,3,3,1,1
785,2,2,2,3,2,2,2,2,1,1,3,1,3,1,2,4,1,2,2,1,1,1,1,1,2,1,3,2,4,4,1,2
865,2,2,2,3,2,2,1,1,1,2,1,4,3,1,2,4,2,2,2,1,1,1,1,1,2,1,3,2,1,2,1,3
662,2,2,2,3,2,1,1,1,1,1,4,4,4,1,2,4,2,3,2,1,1,1,1,1,3,3,3,2,2,1,1,1
513,1,2,1,3,1,2,2,1,1,1,1,1,4,1,2,3,3,2,2,1,1,2,1,1,3,1,2,1,2,1,1,1
722,3,2,2,3,2,2,1,1,4,2,2,2,4,1,2,1,2,2,2,1,1,1,1,1,3,2,3,3,5,4,1,3
8,2,2,3,4,2,2,2,1,4,2,3,3,2,1,4,1,2,2,2,1,1,1,1,1,3,2,2,2,4,3,1,5
873,2,2,2,5,1,1,1,1,1,2,1,1,5,1,2,4,2,2,2,1,1,1,2,1,2,3,3,3,5,4,1,5
684,3,2,2,3,1,2,2,1,1,2,1,2,4,1,2,3,2,2,3,1,1,1,1,1,3,3,2,3,4,3,1,3
73,2,1,2,3,2,2,2,2,1,1,2,2,2,1,2,1,2,2,2,1,1,2,1,1,2,2,2,1,2,3,1,1
900,2,1,2,3,1,2,1,1,1,1,1,2,5,1,2,3,2,1,2,1,1,1,1,1,1,3,2,2,2,3,1,2
933,1,2,1,3,2,2,1,2,1,1,3,3,3,1,2,4,2,1,1,1,1,2,1,1,2,2,3,1,4,1,1,2
634,1,2,1,4,2,2,2,3,1,1,1,2,5,1,2,3,2,2,2,1,1,2,1,1,2,1,3,1,1,1,1,1
835,2,2,3,4,1,2,1,3,1,1,1,1,2,2,4,3,1,1,3,1,1,2,2,1,2,1,2,1,4,3,1,2
422,2,2,2,3,1,1,1,2,2,3,3,3,1,1,2,3,2,2,2,1,1,1,1,1,3,2,3,3,5,4,1,1
235,2,2,2,5,2,2,2,1,1,1,3,3,1,1,2,4,3,2,2,1,1,1,2,1,2,2,2,2,4,3,1,2
286,2,1,2,3,2,2,1,1,1,2,1,3,1,1,2,4,1,2,1,1,1,1,1,1,2,2,2,3,2,1,1,1
129,1,2,1,3,2,2,2,2,1,1,2,3,1,1,2,5,1,2,2,1,1,1,1,1,3,1,2,1,2,3,1,1
443,3,2,2,3,1,2,2,2,1,2,1,4,2,1,2,2,3,2,2,1,1,2,1,1,3,2,2,3,4,3,1,1
301,2,2,2,3,2,1,2,1,4,2,4,4,2,1,3,1,2,2,1,1,1,1,1,1,2,1,3,1,2,3,1,1
532,1,2,2,3,2,2,1,1,1,1,2,3,3,1,2,1,2,2,2,1,1,2,1,1,3,1,3,3,3,2,1,4
64,2,2,3,3,2,2,1,1,1,1,1,3,2,1,2,5,2,2,2,1,1,1,2,1,3,2,2,1,4,3,1,1
860,1,2,2,3,2,2,1,4,1,1,2,3,5,1,2,4,3,2,2,1,1,1,1,1,2,2,2,1,4,3,1,3
559,2,2,2,3,2,2,1,1,1,1,1,2,3,1,2,5,2,2,2,1,1,1,1,1,2,2,3,1,4,2,1,5
311,2,2,2,3,2,2,1,1,1,2,4,3,1,1,5,4,2,2,2,1,1,2,1,1,2,1,3,2,5,3,1,3
32,1,2,2,3,2,1,1,1,1,2,3,3,3,1,2,2,1,1,2,1,1,1,1,1,3,2,3,2,2,2,1,1
296,1,2,1,4,2,2,2,2,4,1,2,3,2,1,2,4,2,2,2,1,1,1,2,1,2,2,2,1,3,2,1,2
419,2,2,2,3,2,2,1,2,2,1,1,1,2,1,2,3,2,2,2,1,1,2,1,1,2,2,2,3,3,3,1,1
83,2,1,3,3,1,1,2,1,1,1,1,2,5,1,2,1,1,2,2,1,1,2,1,1,2,3,3,1,3,3,1,4
594,2,1,2,3,1,2,2,2,1,1,1,3,4,1,2,1,3,1,1,1,1,1,1,2,2,2,2,1,4,2,1,1
501,2,1,2,3,2,1,2,2,1,1,1,1,5,1,2,1,1,2,2,1,1,2,1,1,2,2,2,2,3,2,1,5
411,2,2,2,3,2,2,2,3,4,2,1,4,2,1,4,2,2,1,1,1,1,1,1,2,3,1,3,1,5,3,1,3
824,3,2,2,3,1,2,1,4,1,2,1,1,5,3,2,1,1,2,2,1,1,1,3,3,1,3,3,3,5,4,1,3
585,2,2,2,3,2,1,2,1,1,1,1,3,5,1,2,4,4,2,3,1,1,1,1,2,3,2,3,3,5,4,1,5
848,2,2,2,3,1,1,2,1,1,1,4,2,3,1,3,3,2,3,2,1,1,1,1,1,3,2,3,1,5,4,1,4
299,3,2,2,3,2,2,1,3,1,1,1,3,5,2,2,1,3,2,2,1,1,1,1,1,3,2,2,2,5,4,1,3
107,2,2,2,3,2,1,1,1,1,1,4,4,3,1,2,3,3,2,2,1,1,1,1,1,3,3,2,2,4,3,1,5
119,2,1,2,3,2,2,2,5,2,1,6,1,3,1,2,3,1,2,2,1,1,1,1,1,1,3,3,1,2,1,1,2
335,1,2,3,3,2,1,2,2,1,2,1,3,4,1,2,3,3,1,2,1,3,2,1,1,3,2,2,2,4,4,1,5
557,2,2,2,3,2,2,2,1,4,2,2,3,2,1,2,4,3,2,2,1,1,1,1,1,2,3,3,2,5,4,1,3
113,2,2,2,4,2,2,1,2,1,1,1,3,3,1,2,1,1,1,2,1,1,1,3,1,2,2,2,1,3,3,1,5
281,2,2,3,5,2,2,2,1,1,1,2,2,2,1,2,1,1,2,2,1,3,1,2,1,3,2,3,1,4,3,1,3
836,1,2,2,3,2,2,1,3,1,1,2,4,3,1,2,4,1,1,2,1,3,2,2,1,2,1,2,1,2,2,1,2
426,2,2,2,3,2,2,1,1,1,1,3,2,5,1,2,5,2,2,2,1,1,1,1,1,3,2,2,3,5,4,2,5
42,2,2,3,3,1,1,2,3,1,2,3,4,4,2,2,2,2,2,2,1,1,2,1,1,2,2,1,2,2,3,2,1
567,2,1,2,4,1,2,2,1,1,1,2,3,5,3,2,5,1,2,2,1,1,2,1,1,2,2,3,2,4,3,3,5
589,2,1,2,4,2,2,1,1,1,1,2,2,2,1,2,3,1,1,2,1,1,1,2,1,3,2,3,1,3,2,3,5
187,1,2,2,4,2,1,1,1,1,1,4,3,1,2,4,2,2,2,2,1,1,1,1,1,2,2,3,1,5,4,3,7
615,1,1,3,4,2,2,2,1,1,3,1,3,5,1,2,4,2,2,1,1,1,1,1,1,2,3,3,3,2,2,3,6
556,1,2,2,3,2,1,1,1,1,2,1,1,2,1,2,3,2,3,3,1,1,1,1,1,2,2,3,2,3,3,3,6
3,2,2,2,4,2,2,2,1,1,2,1,3,4,1,2,4,3,1,1,2,1,1,1,2,3,2,3,1,5,3,3,6
667,1,2,2,4,2,2,2,1,1,1,2,2,3,1,2,1,2,2,2,2,1,1,2,1,3,2,3,2,3,3,3,7
234,1,2,2,4,2,1,2,1,1,3,1,5,4,1,2,2,3,3,1,1,1,1,1,1,2,2,2,2,4,1,3,7
96,2,2,1,2,2,1,2,2,1,1,5,4,3,1,4,3,2,3,2,1,1,1,3,2,2,1,2,3,2,2,4,4
691,1,2,1,2,2,2,1,2,2,2,6,5,2,1,4,2,2,2,2,2,1,2,3,1,2,2,2,2,1,1,4,7
269,2,1,2,4,1,1,2,1,1,1,1,3,4,1,2,4,2,3,3,1,1,2,1,1,3,3,2,2,2,2,4,4
566,2,2,2,4,2,2,2,1,1,1,1,3,4,1,2,4,1,2,2,1,3,1,1,1,3,3,3,2,4,4,4,3
985,2,1,2,3,1,2,1,1,2,1,1,1,2,1,2,3,1,1,1,1,3,1,1,1,2,3,1,2,4,2,5,4
437,3,2,2,3,1,2,2,1,1,2,1,2,4,1,2,3,2,2,2,1,1,1,1,1,3,3,2,3,5,4,5,3
200,2,2,2,4,1,2,1,2,1,1,3,1,3,1,2,3,2,2,3,1,1,1,1,1,3,3,2,3,4,3,5,7
291,2,2,3,3,2,2,2,3,1,1,4,4,2,1,1,2,1,2,2,1,1,1,3,1,3,2,3,3,1,2,5,7
612,3,2,3,3,1,2,1,3,1,2,4,2,5,3,2,1,1,2,2,1,1,1,3,3,3,3,3,3,5,4,5,7
448,1,2,2,5,2,2,2,2,1,1,1,1,5,1,2,1,1,1,1,1,1,1,1,1,3,2,3,3,4,3,5,4
439,2,2,2,4,2,2,2,1,4,2,3,3,2,1,4,1,2,2,2,1,1,1,1,1,3,2,3,2,5,4,5,5
573,2,2,2,3,2,1,2,2,1,1,3,4,2,1,1,1,2,2,2,1,1,1,2,1,2,2,2,2,1,1,6,6
7,1,2,2,4,2,1,1,1,1,1,4,4,1,1,3,2,2,2,2,1,1,1,1,2,3,1,2,3,5,3,6,6
725,2,2,2,3,2,2,2,1,1,1,3,5,3,1,2,2,2,2,2,1,1,2,1,1,3,1,3,3,3,2,6,6
50,2,1,2,3,2,1,1,1,2,3,3,3,1,1,4,2,2,2,2,1,1,1,1,1,2,3,2,3,4,2,6,6
423,2,2,2,5,1,1,1,1,1,2,4,1,5,1,2,3,2,2,2,1,1,1,1,1,2,3,3,2,5,4,6,6
140,1,2,2,3,2,2,2,1,1,1,3,4,4,1,3,2,3,2,2,1,1,1,1,1,3,2,3,3,2,2,6,7
135,1,2,2,1,1,2,1,1,1,2,1,2,4,1,2,3,5,2,1,1,1,1,1,1,3,3,3,2,2,2,6,4
786,2,2,2,3,2,2,1,1,1,1,3,2,5,1,2,5,2,2,3,1,1,1,1,1,3,2,2,3,5,4,6,6
601,1,2,3,5,1,1,1,1,2,3,3,4,1,1,2,1,2,2,3,1,1,1,1,1,3,2,2,1,4,3,7,5
493,1,2,2,4,2,1,1,1,2,3,2,2,3,1,4,2,2,3,2,1,1,1,1,1,3,2,3,2,2,3,7,7
553,1,2,2,4,1,2,2,1,1,3,3,3,4,1,2,3,2,2,2,1,1,1,1,1,3,2,2,1,3,3,7,6
27,1,2,2,4,2,1,2,1,4,2,2,4,2,1,2,5,2,3,2,1,1,1,1,1,3,1,2,1,4,4,7,7
257,2,2,2,3,2,2,2,1,4,2,3,4,2,1,2,1,3,2,2,1,1,1,1,1,3,2,3,2,2,2,7,7
225,1,2,2,4,2,2,2,1,2,3,4,1,2,1,3,3,2,2,2,1,1,1,1,1,2,2,2,1,3,3,7,6
788,1,2,2,4,2,2,1,2,1,3,2,3,1,1,2,4,2,2,2,1,1,1,1,1,3,3,2,1,2,3,7,7
37,1,2,2,3,2,2,1,1,1,2,3,1,1,2,4,4,2,2,2,2,1,1,1,1,3,1,2,1,3,4,7,7
170,1,2,1,4,2,2,1,5,1,2,1,3,4,1,2,1,2,3,2,1,1,1,1,1,2,2,3,2,4,4,7,7
528,1,1,2,3,2,2,2,1,2,2,4,4,1,1,3,2,2,2,2,1,1,1,1,1,2,3,2,2,1,1,7,3
600,1,2,2,4,1,1,2,1,1,1,2,2,4,1,2,4,2,3,2,1,1,2,1,2,2,1,3,1,3,3,7,7
655,1,2,2,4,2,1,2,1,1,2,2,2,1,1,2,1,3,2,2,1,1,1,3,2,2,2,2,1,4,4,7,7
74,1,1,2,4,1,1,2,1,1,3,1,3,5,1,2,4,2,2,2,1,1,1,2,1,2,3,2,1,4,2,7,6
505,2,1,1,5,2,1,2,2,2,1,1,2,1,3,1,5,3,3,2,1,1,2,1,1,2,3,1,2,3,3,7,6
377,1,2,1,3,2,1,1,1,2,2,4,4,2,3,2,5,3,2,2,1,1,1,2,2,3,2,3,1,4,4,7,7
808,2,2,2,3,2,2,2,2,4,2,4,4,2,2,1,5,2,2,2,1,1,2,1,1,2,2,2,1,2,3,8,2
366,1,1,1,5,2,1,2,1,1,2,3,3,1,1,3,2,1,2,2,2,2,1,1,1,3,1,3,3,4,3,8,2
238,2,1,3,3,1,2,2,1,3,3,1,1,2,1,2,1,1,1,1,2,3,1,2,1,3,3,3,1,4,2,8,2
255,2,1,3,3,2,2,2,1,4,2,4,4,1,1,3,2,2,2,3,2,3,2,2,1,2,2,1,1,1,2,8,1
123,2,1,2,5,1,1,2,4,1,1,1,1,1,1,2,1,2,2,2,2,2,1,1,1,2,2,1,2,1,1,8,2
663,2,1,2,5,1,2,1,1,1,1,1,1,2,1,2,2,3,3,2,2,3,1,2,2,3,2,3,2,2,2,8,1
876,2,1,2,5,2,2,2,1,1,1,1,1,5,1,2,4,3,3,3,2,1,1,1,1,3,3,3,1,2,3,8,1
690,3,1,1,3,2,1,2,1,1,2,4,4,1,1,1,3,2,2,3,2,1,2,1,1,2,3,2,1,2,3,8,1
309,1,2,2,5,2,1,1,1,4,2,1,2,3,1,4,4,1,2,2,1,1,1,3,1,3,3,2,2,3,3,8,1
693,2,1,2,4,2,1,2,1,1,2,3,3,2,3,2,5,5,2,2,1,1,1,1,2,2,2,3,1,3,3,8,2
226,2,1,1,3,1,1,1,2,2,3,3,3,2,1,3,4,1,1,1,1,1,2,2,1,3,3,3,2,2,2,8,1
951,2,1,2,3,1,1,1,1,2,1,1,1,5,3,2,4,5,3,3,1,3,1,2,1,1,1,1,1,1,1,8,0
260,1,2,2,5,2,1,2,1,1,1,3,3,2,1,2,1,2,1,2,1,2,1,2,1,3,2,2,1,4,3,8,2
243,2,1,3,3,2,2,2,3,1,1,3,2,4,1,1,1,2,2,3,2,1,1,1,1,3,3,2,1,1,1,8,1
222,1,1,2,4,1,1,1,1,1,3,2,3,2,1,4,3,4,2,2,2,1,1,2,2,3,3,2,1,3,3,9,3
314,1,1,2,5,1,1,2,1,1,3,1,1,5,1,2,3,3,2,3,2,1,1,1,2,3,2,3,1,1,3,9,2
229,1,1,1,4,1,1,1,3,2,3,4,6,2,1,4,3,4,2,3,1,1,1,2,1,3,3,3,1,2,2,9,3
85,1,1,2,4,2,2,2,1,4,3,3,2,2,1,3,4,2,1,1,2,1,1,1,1,3,2,2,1,2,2,9,1
76,1,1,2,4,2,1,1,1,4,3,3,4,2,1,4,2,2,1,1,2,1,1,1,1,3,2,2,1,2,2,9,0
887,1,1,2,3,1,1,2,1,1,1,1,1,3,1,2,4,4,2,3,2,1,1,2,2,3,2,3,2,2,3,9,3
582,1,1,2,3,1,1,2,1,1,1,1,2,3,1,2,4,4,2,2,2,1,1,1,2,3,1,3,2,2,3,9,1
674,1,1,1,5,2,1,2,1,2,2,4,3,1,1,3,2,4,1,3,2,1,1,1,2,3,2,3,1,5,3,9,4
986,1,1,1,5,2,1,2,1,1,2,1,2,3,1,2,1,2,2,3,2,1,1,2,1,3,2,3,1,5,4,9,3
511,1,1,2,5,2,2,1,1,1,1,1,1,1,1,2,3,3,1,2,2,1,1,1,1,3,3,3,2,5,3,9,3
879,1,1,2,4,2,1,2,1,2,3,1,1,2,1,4,3,2,2,2,2,1,1,1,1,2,1,2,1,2,3,9,1
401,2,1,2,3,1,1,2,1,4,2,3,3,1,1,2,1,2,3,2,1,3,1,1,1,3,3,2,1,3,2,9,2
514,1,1,2,3,1,1,1,1,2,3,3,3,3,1,3,4,2,2,2,2,1,1,3,1,3,2,2,1,2,2,9,0
750,1,1,1,5,2,1,2,1,1,1,2,2,2,1,2,1,2,2,2,1,1,1,1,1,3,1,3,1,2,4,9,2
156,1,1,2,4,1,1,1,5,2,3,3,1,1,2,4,5,2,2,3,2,3,1,2,1,3,2,3,1,1,3,9,0
775,1,1,2,4,1,2,1,2,2,3,3,3,1,1,5,4,1,1,2,2,1,2,2,1,2,3,2,1,1,2,9,0
329,2,1,2,3,1,1,2,1,1,2,1,2,2,2,2,4,3,3,2,1,1,1,1,1,2,1,2,1,3,3,9,5
467,1,1,2,4,2,2,2,1,4,2,1,1,5,1,2,1,3,2,2,2,1,2,1,1,3,2,2,1,5,3,9,5
178,1,1,1,4,2,2,2,1,1,1,3,4,4,1,2,4,2,2,2,1,1,1,1,1,3,3,2,1,4,3,9,1
549,2,1,2,4,1,1,1,5,2,3,4,4,1,1,3,3,2,2,1,1,1,1,2,1,2,1,2,1,5,3,9,4
453,1,1,1,5,2,2,2,3,1,1,3,1,5,1,2,4,3,1,1,1,1,1,2,1,3,2,3,1,5,4,9,3
307,2,2,3,3,1,2,2,1,1,1,1,2,3,1,2,5,3,2,2,1,1,1,1,1,3,2,1,2,1,1,1,1
472,2,2,3,3,1,2,2,1,1,1,2,3,2,1,2,1,2,2,2,1,1,1,1,1,3,2,3,2,2,3,1,1
392,2,2,2,3,2,2,2,2,4,2,2,2,2,1,2,1,2,1,2,1,1,1,1,1,2,2,1,1,2,2,1,1
65,1,1,1,3,1,2,1,2,1,2,1,2,5,1,2,1,3,1,2,1,1,1,1,2,3,2,2,1,3,2,1,1
575,2,2,1,3,2,2,1,3,1,4,3,3,2,1,2,4,2,1,1,1,1,1,2,1,2,2,2,1,2,2,1,1
855,2,2,2,3,2,2,2,2,1,1,3,3,2,1,2,3,1,1,2,1,1,1,1,1,1,2,1,2,4,4,1,2
791,1,2,2,4,2,2,2,1,1,3,1,3,1,1,2,4,2,2,2,2,1,2,1,1,3,3,3,3,4,4,1,5
391,1,1,2,3,1,1,1,2,2,3,4,3,1,1,4,3,1,2,2,1,1,1,3,1,3,2,2,1,1,1,1,2
973,2,1,3,3,2,1,1,1,1,3,2,4,2,1,2,4,1,2,2,1,1,1,1,1,3,2,2,2,4,3,1,5
828,2,1,2,3,2,2,1,3,4,2,1,2,3,1,2,3,2,2,2,1,1,2,1,1,2,2,2,2,1,2,1,0
247,1,1,1,3,2,2,2,3,2,3,3,4,2,1,3,2,1,1,1,1,1,2,1,1,2,2,2,2,1,1,1,2
412,1,1,1,4,1,1,2,4,2,3,5,5,1,1,3,2,3,3,3,1,3,1,3,2,3,1,3,3,4,3,1,0
67,1,1,1,4,2,2,2,1,1,1,3,5,4,2,2,2,3,2,2,1,1,1,1,1,2,2,2,3,4,2,1,0
289,2,1,2,5,2,2,2,1,1,1,2,2,2,1,2,3,1,2,1,1,1,2,1,1,3,2,3,3,4,2,1,1
399,3,2,2,4,1,1,2,3,4,2,3,1,2,1,4,1,2,2,2,1,1,1,1,1,2,3,2,1,4,4,1,2
138,2,2,2,3,2,2,2,1,1,2,4,4,2,1,3,1,2,2,2,2,3,2,1,1,3,2,2,3,2,2,1,2
537,1,1,2,5,2,1,2,1,1,1,2,2,4,1,2,3,2,2,2,1,1,2,1,1,3,2,3,3,4,3,1,1
265,2,2,2,3,2,2,2,1,1,1,2,2,2,1,2,1,2,2,2,2,1,2,1,1,2,2,2,2,2,2,1,2
724,1,1,2,4,2,2,2,3,1,1,2,2,5,1,2,5,5,3,2,2,1,2,1,1,3,1,3,3,3,3,1,2
653,1,2,1,3,2,2,1,2,2,2,3,3,3,1,2,4,4,2,2,1,2,1,1,1,3,2,2,3,2,3,1,3
318,1,2,2,5,1,2,1,1,4,2,3,3,3,2,2,3,4,2,2,2,1,1,1,2,3,1,2,3,4,4,1,1
232,1,2,2,5,2,2,1,1,4,2,2,2,4,1,2,3,3,2,2,1,1,1,1,1,3,1,3,3,3,3,1,1
21,2,2,2,3,1,2,1,1,1,1,1,1,4,2,2,4,3,3,3,1,1,1,1,2,3,1,2,3,3,3,1,3
998,3,2,2,2,1,1,2,5,1,1,1,4,3,1,2,1,3,2,3,1,1,2,1,1,3,2,3,3,3,3,1,1
694,2,2,2,3,2,2,2,2,1,1,3,1,3,1,2,4,1,2,2,1,1,1,1,1,2,1,3,2,4,4,1,2
927,2,2,2,3,2,2,1,1,1,2,1,4,3,1,2,4,2,2,2,1,1,1,1,1,2,1,3,2,1,2,1,3
348,2,2,2,3,2,1,1,1,1,1,4,4,4,1,2,4,2,3,2,1,1,1,1,1,3,3,3,2,2,1,1,1
968,1,2,1,3,1,2,2,1,1,1,1,1,4,1,2,3,3,2,2,1,1,2,1,1,3,1,2,1,2,1,1,1
992,3,2,2,3,2,2,1,1,4,2,2,2,4,1,2,1,2,2,2,1,1,1,1,1,3,2,3,3,5,4,1,3
764,2,2,3,4,2,2,2,1,4,2,3,3,2,1,4,1,2,2,2,1,1,1,1,1,3,2,2,2,4,3,1,5
587,2,2,2,5,1,1,1,1,1,2,1,1,5,1,2,4,2,2,2,1,1,1,2,1,2,3,3,3,5,4,1,5
944,3,2,2,3,1,2,2,1,1,2,1,2,4,1,2,3,2,2,3,1,1,1,1,1,3,3,2,3,4,3,1,3
239,2,1,2,3,2,2,2,2,1,1,2,2,2,1,2,1,2,2,2,1,1,2,1,1,2,2,2,1,2,3,1,1
886,2,1,2,3,1,2,1,1,1,1,1,2,5,1,2,3,2,1,2,1,1,1,1,1,1,3,2,2,2,3,1,2
23,1,2,1,3,2,2,1,2,1,1,3,3,3,1,2,4,2,1,1,1,1,2,1,1,2,2,3,1,4,1,1,2
458,1,2,1,4,2,2,2,3,1,1,1,2,5,1,2,3,2,2,2,1,1,2,1,1,2,1,3,1,1,1,1,1
822,2,2,3,4,1,2,1,3,1,1,1,1,2,2,4,3,1,1,3,1,1,2,2,1,2,1,2,1,4,3,1,2
413,2,2,2,3,1,1,1,2,2,3,3,3,1,1,2,3,2,2,2,1,1,1,1,1,3,2,3,3,5,4,1,1
563,2,2,2,5,2,2,2,1,1,1,3,3,1,1,2,4,3,2,2,1,1,1,2,1,2,2,2,2,4,3,1,2
331,2,1,2,3,2,2,1,1,1,2,1,3,1,1,2,4,1,2,1,1,1,1,1,1,2,2,2,3,2,1,1,1
434,1,2,1,3,2,2,2,2,1,1,2,3,1,1,2,5,1,2,2,1,1,1,1,1,3,1,2,1,2,3,1,1
456,3,2,2,3,1,2,2,2,1,2,1,4,2,1,2,2,3,2,2,1,1,2,1,1,3,2,2,3,4,3,1,1
430,2,2,2,3,2,1,2,1,4,2,4,4,2,1,3,1,2,2,1,1,1,1,1,1,2,1,3,1,2,3,1,1
896,1,2,2,3,2,2,1,1,1,1,2,3,3,1,2,1,2,2,2,1,1,2,1,1,3,1,3,3,3,2,1,4
451,2,2,3,3,2,2,1,1,1,1,1,3,2,1,2,5,2,2,2,1,1,1,2,1,3,2,2,1,4,3,1,1
477,1,2,2,3,2,2,1,4,1,1,2,3,5,1,2,4,3,2,2,1,1,1,1,1,2,2,2,1,4,3,1,3
9,2,2,2,3,2,2,1,1,1,1,1,2,3,1,2,5,2,2,2,1,1,1,1,1,2,2,3,1,4,2,1,5
325,2,2,2,3,2,2,1,1,1,2,4,3,1,1,5,4,2,2,2,1,1,2,1,1,2,1,3,2,5,3,1,3
812,1,2,2,3,2,1,1,1,1,2,3,3,3,1,2,2,1,1,2,1,1,1,1,1,3,2,3,2,2,2,1,1
727,1,2,1,4,2,2,2,2,4,1,2,3,2,1,2,4,2,2,2,1,1,1,2,1,2,2,2,1,3,2,1,2
928,2,2,2,3,2,2,1,2,2,1,1,1,2,1,2,3,2,2,2,1,1,2,1,1,2,2,2,3,3,3,1,1
134,2,1,3,3,1,1,2,1,1,1,1,2,5,1,2,1,1,2,2,1,1,2,1,1,2,3,3,1,3,3,1,4
819,2,1,2,3,1,2,2,2,1,1,1,3,4,1,2,1,3,1,1,1,1,1,1,2,2,2,2,1,4,2,1,1
230,2,1,2,3,2,1,2,2,1,1,1,1,5,1,2,1,1,2,2,1,1,2,1,1,2,2,2,2,3,2,1,5
520,2,2,2,3,2,2,2,3,4,2,1,4,2,1,4,2,2,1,1,1,1,1,1,2,3,1,3,1,5,3,1,3
326,3,2,2,3,1,2,1,4,1,2,1,1,5,3,2,1,1,2,2,1,1,1,3,3,1,3,3,3,5,4,1,3
142,2,2,2,3,2,1,2,1,1,1,1,3,5,1,2,4,4,2,3,1,1,1,1,2,3,2,3,3,5,4,1,5
491,2,2,2,3,1,1,2,1,1,1,4,2,3,1,3,3,2,3,2,1,1,1,1,1,3,2,3,1,5,4,1,4
379,3,2,2,3,2,2,1,3,1,1,1,3,5,2,2,1,3,2,2,1,1,1,1,1,3,2,2,2,5,4,1,3
465,2,2,2,3,2,1,1,1,1,1,4,4,3,1,2,3,3,2,2,1,1,1,1,1,3,3,2,2,4,3,1,5
756,2,1,2,3,2,2,2,5,2,1,6,1,3,1,2,3,1,2,2,1,1,1,1,1,1,3,3,1,2,1,1,2
347,1,2,3,3,2,1,2,2,1,2,1,3,4,1,2,3,3,1,2,1,3,2,1,1,3,2,2,2,4,4,1,5
237,2,2,2,3,2,2,2,1,4,2,2,3,2,1,2,4,3,2,2,1,1,1,1,1,2,3,3,2,5,4,1,3
642,2,2,2,4,2,2,1,2,1,1,1,3,3,1,2,1,1,1,2,1,1,1,3,1,2,2,2,1,3,3,1,5
506,2,2,3,5,2,2,2,1,1,1,2,2,2,1,2,1,1,2,2,1,3,1,2,1,3,2,3,1,4,3,1,3
646,1,2,2,3,2,2,1,3,1,1,2,4,3,1,2,4,1,1,2,1,3,2,2,1,2,1,2,1,2,2,1,2
382,2,2,2,3,2,2,1,1,1,1,3,2,5,1,2,5,2,2,2,1,1,1,1,1,3,2,2,3,5,4,2,5
256,2,2,3,3,1,1,2,3,1,2,3,4,4,2,2,2,2,2,2,1,1,2,1,1,2,2,1,2,2,3,2,1
327,2,1,2,4,1,2,2,1,1,1,2,3,5,3,2,5,1,2,2,1,1,2,1,1,2,2,3,2,4,3,3,5
624,2,1,2,4,2,2,1,1,1,1,2,2,2,1,2,3,1,1,2,1,1,1,2,1,3,2,3,1,3,2,3,5
155,1,2,2,4,2,1,1,1,1,1,4,3,1,2,4,2,2,2,2,1,1,1,1,1,2,2,3,1,5,4,3,7
578,1,1,3,4,2,2,2,1,1,3,1,3,5,1,2,4,2,2,1,1,1,1,1,1,2,3,3,3,2,2,3,6
640,1,2,2,3,2,1,1,1,1,2,1,1,2,1,2,3,2,3,3,1,1,1,1,1,2,2,3,2,3,3,3,6
997,2,2,2,4,2,2,2,1,1,2,1,3,4,1,2,4,3,1,1,2,1,1,1,2,3,2,3,1,5,3,3,6
242,1,2,2,4,2,2,2,1,1,1,2,2,3,1,2,1,2,2,2,2,1,1,2,1,3,2,3,2,3,3,3,7
344,1,2,2,4,2,1,2,1,1,3,1,5,4,1,2,2,3,3,1,1,1,1,1,1,2,2,2,2,4,1,3,7
699,2,2,1,2,2,1,2,2,1,1,5,4,3,1,4,3,2,3,2,1,1,1,3,2,2,1,2,3,2,2,4,4
77,1,2,1,2,2,2,1,2,2,2,6,5,2,1,4,2,2,2,2,2,1,2,3,1,2,2,2,2,1,1,4,7
821,2,1,2,4,1,1,2,1,1,1,1,3,4,1,2,4,2,3,3,1,1,2,1,1,3,3,2,2,2,2,4,4
903,2,2,2,4,2,2,2,1,1,1,1,3,4,1,2,4,1,2,2,1,3,1,1,1,3,3,3,2,4,4,4,3
540,2,1,2,3,1,2,1,1,2,1,1,1,2,1,2,3,1,1,1,1,3,1,1,1,2,3,1,2,4,2,5,4
596,3,2,2,3,1,2,2,1,1,2,1,2,4,1,2,3,2,2,2,1,1,1,1,1,3,3,2,3,5,4,5,3
169,2,2,2,4,1,2,1,2,1,1,3,1,3,1,2,3,2,2,3,1,1,1,1,1,3,3,2,3,4,3,5,7
526,2,2,3,3,2,2,2,3,1,1,4,4,2,1,1,2,1,2,2,1,1,1,3,1,3,2,3,3,1,2,5,7
361,3,2,3,3,1,2,1,3,1,2,4,2,5,3,2,1,1,2,2,1,1,1,3,3,3,3,3,3,5,4,5,7
917,1,2,2,5,2,2,2,2,1,1,1,1,5,1,2,1,1,1,1,1,1,1,1,1,3,2,3,3,4,3,5,4
342,2,2,2,4,2,2,2,1,4,2,3,3,2,1,4,1,2,2,2,1,1,1,1,1,3,2,3,2,5,4,5,5
599,2,2,2,3,2,1,2,2,1,1,3,4,2,1,1,1,2,2,2,1,1,1,2,1,2,2,2,2,1,1,6,6
875,1,2,2,4,2,1,1,1,1,1,4,4,1,1,3,2,2,2,2,1,1,1,1,2,3,1,2,3,5,3,6,6
745,2,2,2,3,2,2,2,1,1,1,3,5,3,1,2,2,2,2,2,1,1,2,1,1,3,1,3,3,3,2,6,6
131,2,1,2,3,2,1,1,1,2,3,3,3,1,1,4,2,2,2,2,1,1,1,1,1,2,3,2,3,4,2,6,6
143,2,2,2,5,1,1,1,1,1,2,4,1,5,1,2,3,2,2,2,1,1,1,1,1,2,3,3,2,5,4,6,6
666,1,2,2,3,2,2,2,1,1,1,3,4,4,1,3,2,3,2,2,1,1,1,1,1,3,2,3,3,2,2,6,7
104,1,2,2,1,1,2,1,1,1,2,1,2,4,1,2,3,5,2,1,1,1,1,1,1,3,3,3,2,2,2,6,4
964,2,2,2,3,2,2,1,1,1,1,3,2,5,1,2,5,2,2,3,1,1,1,1,1,3,2,2,3,5,4,6,6
208,1,2,3,5,1,1,1,1,2,3,3,4,1,1,2,1,2,2,3,1,1,1,1,1,3,2,2,1,4,3,7,5
774,1,2,2,4,2,1,1,1,2,3,2,2,3,1,4,2,2,3,2,1,1,1,1,1,3,2,3,2,2,3,7,7
346,1,2,2,4,1,2,2,1,1,3,3,3,4,1,2,3,2,2,2,1,1,1,1,1,3,2,2,1,3,3,7,6
97,1,2,2,4,2,1,2,1,4,2,2,4,2,1,2,5,2,3,2,1,1,1,1,1,3,1,2,1,4,4,7,7
306,2,2,2,3,2,2,2,1,4,2,3,4,2,1,2,1,3,2,2,1,1,1,1,1,3,2,3,2,2,2,7,7
18,1,2,2,4,2,2,2,1,2,3,4,1,2,1,3,3,2,2,2,1,1,1,1,1,2,2,2,1,3,3,7,6
284,1,2,2,4,2,2,1,2,1,3,2,3,1,1,2,4,2,2,2,1,1,1,1,1,3,3,2,1,2,3,7,7
173,1,2,2,3,2,2,1,1,1,2,3,1,1,2,4,4,2,2,2,2,1,1,1,1,3,1,2,1,3,4,7,7
558,1,2,1,4,2,2,1,5,1,2,1,3,4,1,2,1,2,3,2,1,1,1,1,1,2,2,3,2,4,4,7,7
51,1,1,2,3,2,2,2,1,2,2,4,4,1,1,3,2,2,2,2,1,1,1,1,1,2,3,2,2,1,1,7,3
357,1,2,2,4,1,1,2,1,1,1,2,2,4,1,2,4,2,3,2,1,1,2,1,2,2,1,3,1,3,3,7,7
692,1,2,2,4,2,1,2,1,1,2,2,2,1,1,2,1,3,2,2,1,1,1,3,2,2,2,2,1,4,4,7,7
26,1,1,2,4,1,1,2,1,1,3,1,3,5,1,2,4,2,2,2,1,1,1,2,1,2,3,2,1,4,2,7,6
386,2,1,1,5,2,1,2,2,2,1,1,2,1,3,1,5,3,3,2,1,1,2,1,1,2,3,1,2,3,3,7,6
287,1,2,1,3,2,1,1,1,2,2,4,4,2,3,2,5,3,2,2,1,1,1,2,2,3,2,3,1,4,4,7,7
974,2,2,2,3,2,2,2,2,4,2,4,4,2,2,1,5,2,2,2,1,1,2,1,1,2,2,2,1,2,3,8,2
683,1,1,1,5,2,1,2,1,1,2,3,3,1,1,3,2,1,2,2,2,2,1,1,1,3,1,3,3,4,3,8,2
374,2,1,3,3,1,2,2,1,3,3,1,1,2,1,2,1,1,1,1,2,3,1,2,1,3,3,3,1,4,2,8,2
278,2,1,3,3,2,2,2,1,4,2,4,4,1,1,3,2,2,2,3,2,3,2,2,1,2,2,1,1,1,2,8,1
367,2,1,2,5,1,1,2,4,1,1,1,1,1,1,2,1,2,2,2,2,2,1,1,1,2,2,1,2,1,1,8,2
800,2,1,2,5,1,2,1,1,1,1,1,1,2,1,2,2,3,3,2,2,3,1,2,2,3,2,3,2,2,2,8,1
11,2,1,2,5,2,2,2,1,1,1,1,1,5,1,2,4,3,3,3,2,1,1,1,1,3,3,3,1,2,3,8,1
310,3,1,1,3,2,1,2,1,1,2,4,4,1,1,1,3,2,2,3,2,1,2,1,1,2,3,2,1,2,3,8,1
910,1,2,2,5,2,1,1,1,4,2,1,2,3,1,4,4,1,2,2,1,1,1,3,1,3,3,2,2,3,3,8,1
440,2,1,2,4,2,1,2,1,1,2,3,3,2,3,2,5,5,2,2,1,1,1,1,2,2,2,3,1,3,3,8,2
441,2,1,1,3,1,1,1,2,2,3,3,3,2,1,3,4,1,1,1,1,1,2,2,1,3,3,3,2,2,2,8,1
146,2,1,2,3,1,1,1,1,2,1,1,1,5,3,2,4,5,3,3,1,3,1,2,1,1,1,1,1,1,1,8,0
614,1,2,2,5,2,1,2,1,1,1,3,3,2,1,2,1,2,1,2,1,2,1,2,1,3,2,2,1,4,3,8,2
262,2,1,3,3,2,2,2,3,1,1,3,2,4,1,1,1,2,2,3,2,1,1,1,1,3,3,2,1,1,1,8,1
34,1,1,2,4,1,1,1,1,1,3,2,3,2,1,4,3,4,2,2,2,1,1,2,2,3,3,2,1,3,3,9,3
407,1,1,2,5,1,1,2,1,1,3,1,1,5,1,2,3,3,2,3,2,1,1,1,2,3,2,3,1,1,3,9,2
564,1,1,1,4,1,1,1,3,2,3,4,6,2,1,4,3,4,2,3,1,1,1,2,1,3,3,3,1,2,2,9,3
538,1,1,2,4,2,2,2,1,4,3,3,2,2,1,3,4,2,1,1,2,1,1,1,1,3,2,2,1,2,2,9,1
748,1,1,2,4,2,1,1,1,4,3,3,4,2,1,4,2,2,1,1,2,1,1,1,1,3,2,2,1,2,2,9,0
675,1,1,2,3,1,1,2,1,1,1,1,1,3,1,2,4,4,2,3,2,1,1,2,2,3,2,3,2,2,3,9,3
224,1,1,2,3,1,1,2,1,1,1,1,2,3,1,2,4,4,2,2,2,1,1,1,2,3,1,3,2,2,3,9,1
10,1,1,1,5,2,1,2,1,2,2,4,3,1,1,3,2,4,1,3,2,1,1,1,2,3,2,3,1,5,3,9,4
708,1,1,1,5,2,1,2,1,1,2,1,2,3,1,2,1,2,2,3,2,1,1,2,1,3,2,3,1,5,4,9,3
636,1,1,2,5,2,2,1,1,1,1,1,1,1,1,2,3,3,1,2,2,1,1,1,1,3,3,3,2,5,3,9,3
218,1,1,2,4,2,1,2,1,2,3,1,1,2,1,4,3,2,2,2,2,1,1,1,1,2,1,2,1,2,3,9,1
193,2,1,2,3,1,1,2,1,4,2,3,3,1,1,2,1,2,3,2,1,3,1,1,1,3,3,2,1,3,2,9,2
106,1,1,2,3,1,1,1,1,2,3,3,3,3,1,3,4,2,2,2,2,1,1,3,1,3,2,2,1,2,2,9,0
834,1,1,1,5,2,1,2,1,1,1,2,2,2,1,2,1,2,2,2,1,1,1,1,1,3,1,3,1,2,4,9,2
597,1,1,2,4,1,1,1,5,2,3,3,1,1,2,4,5,2,2,3,2,3,1,2,1,3,2,3,1,1,3,9,0
45,1,1,2,4,1,2,1,2,2,3,3,3,1,1,5,4,1,1,2,2,1,2,2,1,2,3,2,1,1,2,9,0
264,2,1,2,3,1,1,2,1,1,2,1,2,2,2,2,4,3,3,2,1,1,1,1,1,2,1,2,1,3,3,9,5
219,1,1,2,4,2,2,2,1,4,2,1,1,5,1,2,1,3,2,2,2,1,2,1,1,3,2,2,1,5,3,9,5
249,1,1,1,4,2,2,2,1,1,1,3,4,4,1,2,4,2,2,2,1,1,1,1,1,3,3,2,1,4,3,9,1
507,2,1,2,4,1,1,1,5,2,3,4,4,1,1,3,3,2,2,1,1,1,1,2,1,2,1,2,1,5,3,9,4
383,1,1,1,5,2,2,2,3,1,1,3,1,5,1,2,4,3,1,1,1,1,1,2,1,3,2,3,1,5,4,9,3
631,2,2,3,3,1,2,2,1,1,1,1,2,3,1,2,5,3,2,2,1,1,1,1,1,3,2,1,2,1,1,1,1
502,2,2,3,3,1,2,2,1,1,1,2,3,2,1,2,1,2,2,2,1,1,1,1,1,3,2,3,2,2,3,1,1
792,2,2,2,3,2,2,2,2,4,2,2,2,2,1,2,1,2,1,2,1,1,1,1,1,2,2,1,1,2,2,1,1
271,1,1,1,3,1,2,1,2,1,2,1,2,5,1,2,1,3,1,2,1,1,1,1,2,3,2,2,1,3,2,1,1
194,2,2,1,3,2,2,1,3,1,4,3,3,2,1,2,4,2,1,1,1,1,1,2,1,2,2,2,1,2,2,1,1
937,2,2,2,3,2,2,2,2,1,1,3,3,2,1,2,3,1,1,2,1,1,1,1,1,1,2,1,2,4,4,1,2
726,1,2,2,4,2,2,2,1,1,3,1,3,1,1,2,4,2,2,2,2,1,2,1,1,3,3,3,3,4,4,1,5
339,1,1,2,3,1,1,1,2,2,3,4,3,1,1,4,3,1,2,2,1,1,1,3,1,3,2,2,1,1,1,1,2
841,2,1,3,3,2,1,1,1,1,3,2,4,2,1,2,4,1,2,2,1,1,1,1,1,3,2,2,2,4,3,1,5
874,2,1,2,3,2,2,1,3,4,2,1,2,3,1,2,3,2,2,2,1,1,2,1,1,2,2,2,2,1,2,1,0
214,1,1,1,3,2,2,2,3,2,3,3,4,2,1,3,2,1,1,1,1,1,2,1,1,2,2,2,2,1,1,1,2
924,1,1,1,4,1,1,2,4,2,3,5,5,1,1,3,2,3,3,3,1,3,1,3,2,3,1,3,3,4,3,1,0
203,1,1,1,4,2,2,2,1,1,1,3,5,4,2,2,2,3,2,2,1,1,1,1,1,2,2,2,3,4,2,1,0
629,2,1,2,5,2,2,2,1,1,1,2,2,2,1,2,3,1,2,1,1,1,2,1,1,3,2,3,3,4,2,1,1
354,3,2,2,4,1,1,2,3,4,2,3,1,2,1,4,1,2,2,2,1,1,1,1,1,2,3,2,1,4,4,1,2
857,2,2,2,3,2,2,2,1,1,2,4,4,2,1,3,1,2,2,2,2,3,2,1,1,3,2,2,3,2,2,1,2
424,1,1,2,5,2,1,2,1,1,1,2,2,4,1,2,3,2,2,2,1,1,2,1,1,3,2,3,3,4,3,1,1
872,2,2,2,3,2,2,2,1,1,1,2,2,2,1,2,1,2,2,2,2,1,2,1,1,2,2,2,2,2,2,1,2
116,1,1,2,4,2,2,2,3,1,1,2,2,5,1,2,5,5,3,2,2,1,2,1,1,3,1,3,3,3,3,1,2
308,1,2,1,3,2,2,1,2,2,2,3,3,3,1,2,4,4,2,2,1,2,1,1,1,3,2,2,3,2,3,1,3
698,1,2,2,5,1,2,1,1,4,2,3,3,3,2,2,3,4,2,2,2,1,1,1,2,3,1,2,3,4,4,1,1
622,1,2,2,5,2,2,1,1,4,2,2,2,4,1,2,3,3,2,2,1,1,1,1,1,3,1,3,3,3,3,1,1
103,2,2,2,3,1,2,1,1,1,1,1,1,4,2,2,4,3,3,3,1,1,1,1,2,3,1,2,3,3,3,1,3
464,3,2,2,2,1,1,2,5,1,1,1,4,3,1,2,1,3,2,3,1,1,2,1,1,3,2,3,3,3,3,1,1
870,2,2,2,3,2,2,2,2,1,1,3,1,3,1,2,4,1,2,2,1,1,1,1,1,2,1,3,2,4,4,1,2
351,2,2,2,3,2,2,1,1,1,2,1,4,3,1,2,4,2,2,2,1,1,1,1,1,2,1,3,2,1,2,1,3
628,2,2,2,3,2,1,1,1,1,1,4,4,4,1,2,4,2,3,2,1,1,1,1,1,3,3,3,2,2,1,1,1
33,1,2,1,3,1,2,2,1,1,1,1,1,4,1,2,3,3,2,2,1,1,2,1,1,3,1,2,1,2,1,1,1
972,3,2,2,3,2,2,1,1,4,2,2,2,4,1,2,1,2,2,2,1,1,1,1,1,3,2,3,3,5,4,1,3
535,2,2,3,4,2,2,2,1,4,2,3,3,2,1,4,1,2,2,2,1,1,1,1,1,3,2,2,2,4,3,1,5
959,2,2,2,5,1,1,1,1,1,2,1,1,5,1,2,4,2,2,2,1,1,1,2,1,2,3,3,3,5,4,1,5
794,3,2,2,3,1,2,2,1,1,2,1,2,4,1,2,3,2,2,3,1,1,1,1,1,3,3,2,3,4,3,1,3
313,2,1,2,3,2,2,2,2,1,1,2,2,2,1,2,1,2,2,2,1,1,2,1,1,2,2,2,1,2,3,1,1
127,2,1,2,3,1,2,1,1,1,1,1,2,5,1,2,3,2,1,2,1,1,1,1,1,1,3,2,2,2,3,1,2
245,1,2,1,3,2,2,1,2,1,1,3,3,3,1,2,4,2,1,1,1,1,2,1,1,2,2,3,1,4,1,1,2
773,1,2,1,4,2,2,2,3,1,1,1,2,5,1,2,3,2,2,2,1,1,2,1,1,2,1,3,1,1,1,1,1
69,2,2,3,4,1,2,1,3,1,1,1,1,2,2,4,3,1,1,3,1,1,2,2,1,2,1,2,1,4,3,1,2
141,2,2,2,3,1,1,1,2,2,3,3,3,1,1,2,3,2,2,2,1,1,1,1,1,3,2,3,3,5,4,1,1
139,2,2,2,5,2,2,2,1,1,1,3,3,1,1,2,4,3,2,2,1,1,1,2,1,2,2,2,2,4,3,1,2
398,2,1,2,3,2,2,1,1,1,2,1,3,1,1,2,4,1,2,1,1,1,1,1,1,2,2,2,3,2,1,1,1
889,1,2,1,3,2,2,2,2,1,1,2,3,1,1,2,5,1,2,2,1,1,1,1,1,3,1,2,1,2,3,1,1
995,3,2,2,3,1,2,2,2,1,2,1,4,2,1,2,2,3,2,2,1,1,2,1,1,3,2,2,3,4,3,1,1
757,2,2,2,3,2,1,2,1,4,2,4,4,2,1,3,1,2,2,1,1,1,1,1,1,2,1,3,1,2,3,1,1
783,1,2,2,3,2,2,1,1,1,1,2,3,3,1,2,1,2,2,2,1,1,2,1,1,3,1,3,3,3,2,1,4
420,2,2,3,3,2,2,1,1,1,1,1,3,2,1,2,5,2,2,2,1,1,1,2,1,3,2,2,1,4,3,1,1
790,1,2,2,3,2,2,1,4,1,1,2,3,5,1,2,4,3,2,2,1,1,1,1,1,2,2,2,1,4,3,1,3
592,2,2,2,3,2,2,1,1,1,1,1,2,3,1,2,5,2,2,2,1,1,1,1,1,2,2,3,1,4,2,1,5
978,2,2,2,3,2,2,1,1,1,2,4,3,1,1,5,4,2,2,2,1,1,2,1,1,2,1,3,2,5,3,1,3
735,1,2,2,3,2,1,1,1,1,2,3,3,3,1,2,2,1,1,2,1,1,1,1,1,3,2,3,2,2,2,1,1
731,1,2,1,4,2,2,2,2,4,1,2,3,2,1,2,4,2,2,2,1,1,1,2,1,2,2,2,1,3,2,1,2
932,2,2,2,3,2,2,1,2,2,1,1,1,2,1,2,3,2,2,2,1,1,2,1,1,2,2,2,3,3,3,1,1
497,2,1,3,3,1,1,2,1,1,1,1,2,5,1,2,1,1,2,2,1,1,2,1,1,2,3,3,1,3,3,1,4
813,2,1,2,3,1,2,2,2,1,1,1,3,4,1,2,1,3,1,1,1,1,1,1,2,2,2,2,1,4,2,1,1
2,2,1,2,3,2,1,2,2,1,1,1,1,5,1,2,1,1,2,2,1,1,2,1,1,2,2,2,2,3,2,1,5
649,2,2,2,3,2,2,2,3,4,2,1,4,2,1,4,2,2,1,1,1,1,1,1,2,3,1,3,1,5,3,1,3
455,3,2,2,3,1,2,1,4,1,2,1,1,5,3,2,1,1,2,2,1,1,1,3,3,1,3,3,3,5,4,1,3
593,2,2,2,3,2,1,2,1,1,1,1,3,5,1,2,4,4,2,3,1,1,1,1,2,3,2,3,3,5,4,1,5
206,2,2,2,3,1,1,2,1,1,1,4,2,3,1,3,3,2,3,2,1,1,1,1,1,3,2,3,1,5,4,1,4
847,3,2,2,3,2,2,1,3,1,1,1,3,5,2,2,1,3,2,2,1,1,1,1,1,3,2,2,2,5,4,1,3
233,2,2,2,3,2,1,1,1,1,1,4,4,3,1,2,3,3,2,2,1,1,1,1,1,3,3,2,2,4,3,1,5
87,2,1,2,3,2,2,2,5,2,1,6,1,3,1,2,3,1,2,2,1,1,1,1,1,1,3,3,1,2,1,1,2
333,1,2,3,3,2,1,2,2,1,2,1,3,4,1,2,3,3,1,2,1,3,2,1,1,3,2,2,2,4,4,1,5
738,2,2,2,3,2,2,2,1,4,2,2,3,2,1,2,4,3,2,2,1,1,1,1,1,2,3,3,2,5,4,1,3
350,2,2,2,4,2,2,1,2,1,1,1,3,3,1,2,1,1,1,2,1,1,1,3,1,2,2,2,1,3,3,1,5
805,2,2,3,5,2,2,2,1,1,1,2,2,2,1,2,1,1,2,2,1,3,1,2,1,3,2,3,1,4,3,1,3
700,1,2,2,3,2,2,1,3,1,1,2,4,3,1,2,4,1,1,2,1,3,2,2,1,2,1,2,1,2,2,1,2
92,2,2,2,3,2,2,1,1,1,1,3,2,5,1,2,5,2,2,2,1,1,1,1,1,3,2,2,3,5,4,2,5
68,2,2,3,3,1,1,2,3,1,2,3,4,4,2,2,2,2,2,2,1,1,2,1,1,2,2,1,2,2,3,2,1
746,2,1,2,4,1,2,2,1,1,1,2,3,5,3,2,5,1,2,2,1,1,2,1,1,2,2,3,2,4,3,3,5
741,2,1,2,4,2,2,1,1,1,1,2,2,2,1,2,3,1,1,2,1,1,1,2,1,3,2,3,1,3,2,3,5
581,1,2,2,4,2,1,1,1,1,1,4,3,1,2,4,2,2,2,2,1,1,1,1,1,2,2,3,1,5,4,3,7
677,1,1,3,4,2,2,2,1,1,3,1,3,5,1,2,4,2,2,1,1,1,1,1,1,2,3,3,3,2,2,3,6
442,1,2,2,3,2,1,1,1,1,2,1,1,2,1,2,3,2,3,3,1,1,1,1,1,2,2,3,2,3,3,3,6
749,2,2,2,4,2,2,2,1,1,2,1,3,4,1,2,4,3,1,1,2,1,1,1,2,3,2,3,1,5,3,3,6
25,1,2,2,4,2,2,2,1,1,1,2,2,3,1,2,1,2,2,2,2,1,1,2,1,3,2,3,2,3,3,3,7
936,1,2,2,4,2,1,2,1,1,3,1,5,4,1,2,2,3,3,1,1,1,1,1,1,2,2,2,2,4,1,3,7
90,2,2,1,2,2,1,2,2,1,1,5,4,3,1,4,3,2,3,2,1,1,1,3,2,2,1,2,3,2,2,4,4
715,1,2,1,2,2,2,1,2,2,2,6,5,2,1,4,2,2,2,2,2,1,2,3,1,2,2,2,2,1,1,4,7
240,2,1,2,4,1,1,2,1,1,1,1,3,4,1,2,4,2,3,3,1,1,2,1,1,3,3,2,2,2,2,4,4
13,2,2,2,4,2,2,2,1,1,1,1,3,4,1,2,4,1,2,2,1,3,1,1,1,3,3,3,2,4,4,4,3
126,2,1,2,3,1,2,1,1,2,1,1,1,2,1,2,3,1,1,1,1,3,1,1,1,2,3,1,2,4,2,5,4
761,3,2,2,3,1,2,2,1,1,2,1,2,4,1,2,3,2,2,2,1,1,1,1,1,3,3,2,3,5,4,5,3
302,2,2,2,4,1,2,1,2,1,1,3,1,3,1,2,3,2,2,3,1,1,1,1,1,3,3,2,3,4,3,5,7
650,2,2,3,3,2,2,2,3,1,1,4,4,2,1,1,2,1,2,2,1,1,1,3,1,3,2,3,3,1,2,5,7
365,3,2,3,3,1,2,1,3,1,2,4,2,5,3,2,1,1,2,2,1,1,1,3,3,3,3,3,3,5,4,5,7
905,1,2,2,5,2,2,2,2,1,1,1,1,5,1,2,1,1,1,1,1,1,1,1,1,3,2,3,3,4,3,5,4
415,2,2,2,4,2,2,2,1,4,2,3,3,2,1,4,1,2,2,2,1,1,1,1,1,3,2,3,2,5,4,5,5
397,2,2,2,3,2,1,2,2,1,1,3,4,2,1,1,1,2,2,2,1,1,1,2,1,2,2,2,2,1,1,6,6
435,1,2,2,4,2,1,1,1,1,1,4,4,1,1,3,2,2,2,2,1,1,1,1,2,3,1,2,3,5,3,6,6
945,2,2,2,3,2,2,2,1,1,1,3,5,3,1,2,2,2,2,2,1,1,2,1,1,3,1,3,3,3,2,6,6
930,2,1,2,3,2,1,1,1,2,3,3,3,1,1,4,2,2,2,2,1,1,1,1,1,2,3,2,3,4,2,6,6
687,2,2,2,5,1,1,1,1,1,2,4,1,5,1,2,3,2,2,2,1,1,1,1,1,2,3,3,2,5,4,6,6
852,1,2,2,3,2,2,2,1,1,1,3,4,4,1,3,2,3,2,2,1,1,1,1,1,3,2,3,3,2,2,6,7
712,1,2,2,1,1,2,1,1,1,2,1,2,4,1,2,3,5,2,1,1,1,1,1,1,3,3,3,2,2,2,6,4
470,2,2,2,3,2,2,1,1,1,1,3,2,5,1,2,5,2,2,3,1,1,1,1,1,3,2,2,3,5,4,6,6
43,1,2,3,5,1,1,1,1,2,3,3,4,1,1,2,1,2,2,3,1,1,1,1,1,3,2,2,1,4,3,7,5
550,1,2,2,4,2,1,1,1,2,3,2,2,3,1,4,2,2,3,2,1,1,1,1,1,3,2,3,2,2,3,7,7
844,1,2,2,4,1,2,2,1,1,3,3,3,4,1,2,3,2,2,2,1,1,1,1,1,3,2,2,1,3,3,7,6
150,1,2,2,4,2,1,2,1,4,2,2,4,2,1,2,5,2,3,2,1,1,1,1,1,3,1,2,1,4,4,7,7
168,2,2,2,3,2,2,2,1,4,2,3,4,2,1,2,1,3,2,2,1,1,1,1,1,3,2,3,2,2,2,7,7
519,1,2,2,4,2,2,2,1,2,3,4,1,2,1,3,3,2,2,2,1,1,1,1,1,2,2,2,1,3,3,7,6
531,1,2,2,4,2,2,1,2,1,3,2,3,1,1,2,4,2,2,2,1,1,1,1,1,3,3,2,1,2,3,7,7
643,1,2,2,3,2,2,1,1,1,2,3,1,1,2,4,4,2,2,2,2,1,1,1,1,3,1,2,1,3,4,7,7
428,1,2,1,4,2,2,1,5,1,2,1,3,4,1,2,1,2,3,2,1,1,1,1,1,2,2,3,2,4,4,7,7
659,1,1,2,3,2,2,2,1,2,2,4,4,1,1,3,2,2,2,2,1,1,1,1,1,2,3,2,2,1,1,7,3
766,1,2,2,4,1,1,2,1,1,1,2,2,4,1,2,4,2,3,2,1,1,2,1,2,2,1,3,1,3,3,7,7
732,1,2,2,4,2,1,2,1,1,2,2,2,1,1,2,1,3,2,2,1,1,1,3,2,2,2,2,1,4,4,7,7
916,1,1,2,4,1,1,2,1,1,3,1,3,5,1,2,4,2,2,2,1,1,1,2,1,2,3,2,1,4,2,7,6
979,2,1,1,5,2,1,2,2,2,1,1,2,1,3,1,5,3,3,2,1,1,2,1,1,2,3,1,2,3,3,7,6
372,1,2,1,3,2,1,1,1,2,2,4,4,2,3,2,5,3,2,2,1,1,1,2,2,3,2,3,1,4,4,7,7
778,2,2,2,3,2,2,2,2,4,2,4,4,2,2,1,5,2,2,2,1,1,2,1,1,2,2,2,1,2,3,8,2
579,1,1,1,5,2,1,2,1,1,2,3,3,1,1,3,2,1,2,2,2,2,1,1,1,3,1,3,3,4,3,8,2
320,2,1,3,3,1,2,2,1,3,3,1,1,2,1,2,1,1,1,1,2,3,1,2,1,3,3,3,1,4,2,8,2
645,2,1,3,3,2,2,2,1,4,2,4,4,1,1,3,2,2,2,3,2,3,2,2,1,2,2,1,1,1,2,8,1
5,2,1,2,5,1,1,2,4,1,1,1,1,1,1,2,1,2,2,2,2,2,1,1,1,2,2,1,2,1,1,8,2
294,2,1,2,5,1,2,1,1,1,1,1,1,2,1,2,2,3,3,2,2,3,1,2,2,3,2,3,2,2,2,8,1
117,2,1,2,5,2,2,2,1,1,1,1,1,5,1,2,4,3,3,3,2,1,1,1,1,3,3,3,1,2,3,8,1
555,3,1,1,3,2,1,2,1,1,2,4,4,1,1,1,3,2,2,3,2,1,2,1,1,2,3,2,1,2,3,8,1
29,1,2,2,5,2,1,1,1,4,2,1,2,3,1,4,4,1,2,2,1,1,1,3,1,3,3,2,2,3,3,8,1
259,2,1,2,4,2,1,2,1,1,2,3,3,2,3,2,5,5,2,2,1,1,1,1,2,2,2,3,1,3,3,8,2
47,2,1,1,3,1,1,1,2,2,3,3,3,2,1,3,4,1,1,1,1,1,2,2,1,3,3,3,2,2,2,8,1
678,2,1,2,3,1,1,1,1,2,1,1,1,5,3,2,4,5,3,3,1,3,1,2,1,1,1,1,1,1,1,8,0
543,1,2,2,5,2,1,2,1,1,1,3,3,2,1,2,1,2,1,2,1,2,1,2,1,3,2,2,1,4,3,8,2
908,2,1,3,3,2,2,2,3,1,1,3,2,4,1,1,1,2,2,3,2,1,1,1,1,3,3,2,1,1,1,8,1
586,1,1,2,4,1,1,1,1,1,3,2,3,2,1,4,3,4,2,2,2,1,1,2,2,3,3,2,1,3,3,9,3
98,1,1,2,5,1,1,2,1,1,3,1,1,5,1,2,3,3,2,3,2,1,1,1,2,3,2,3,1,1,3,9,2
55,1,1,1,4,1,1,1,3,2,3,4,6,2,1,4,3,4,2,3,1,1,1,2,1,3,3,3,1,2,2,9,3
913,1,1,2,4,2,2,2,1,4,3,3,2,2,1,3,4,2,1,1,2,1,1,1,1,3,2,2,1,2,2,9,1
199,1,1,2,4,2,1,1,1,4,3,3,4,2,1,4,2,2,1,1,2,1,1,1,1,3,2,2,1,2,2,9,0
539,1,1,2,3,1,1,2,1,1,1,1,1,3,1,2,4,4,2,3,2,1,1,2,2,3,2,3,2,2,3,9,3
759,1,1,2,3,1,1,2,1,1,1,1,2,3,1,2,4,4,2,2,2,1,1,1,2,3,1,3,2,2,3,9,1